video_id,frame_index,timestamp_sec,joint_name,speed_ms,velocity_x,velocity_y,velocity_z,accel_ms2,jerk_ms3,reference_valid
KVAL003,0,0.0,Neck,0.074447,-0.05436,-0.05031,-0.0075,2.375166,21.639334,True
KVAL003,1,0.301866,Neck,0.033546,-0.02046,0.01485,0.02205,1.709852,34.415128,True
KVAL003,2,0.3352,Neck,0.048062,0.00672,0.03999,0.0258,0.280038,31.925064,True
KVAL003,3,0.3685,Neck,0.02826,-0.00243,0.01161,0.02565,0.44707,10.504879,True
KVAL003,4,0.401844,Neck,0.028266,-0.00243,0.011625,0.02565,0.702088,11.127782,True
KVAL003,5,0.435166,Neck,0.02063,0.012795,-0.004815,-0.01545,0.708355,14.894553,True
KVAL003,6,0.4685,Neck,0.020963,0.01275,-0.004905,-0.0159,0.304537,15.16047,True
KVAL003,7,0.501844,Neck,0.000461,-4.5e-05,-9e-05,-0.00045,0.314439,5.853645,True
KVAL003,8,0.535177,Neck,0.0,0.0,0.0,0.0,0.419787,5.971035,True
KVAL003,9,0.568522,Neck,0.027951,-0.01263,0.02487,-0.0018,0.415145,12.647355,True
KVAL003,10,0.601855,Neck,0.027676,-0.012405,0.024675,-0.0018,0.4234,12.454352,True
KVAL003,11,0.635188,Neck,0.000298,0.000225,-0.000195,0.0,0.415145,6.403989,True
KVAL003,12,0.668533,Neck,0.0,0.0,0.0,0.0,0.003832,6.218133,True
KVAL003,13,0.701866,Neck,4.2e-05,3e-05,-3e-05,0.0,0.000636,0.260488,True
KVAL003,14,0.735166,Neck,4.2e-05,3e-05,-3e-05,0.0,0.014694,2.138176,True
KVAL003,15,0.7685,Neck,0.001007,0.00042,-0.000525,-0.00075,0.143003,1.570909,True
KVAL003,16,0.801833,Neck,0.009564,0.00345,-0.006315,-0.0063,0.119011,4.21808,True
KVAL003,17,0.835166,Neck,0.008923,0.00318,-0.00594,-0.00585,0.13821,2.202686,True
KVAL003,18,0.8685,Neck,0.000367,0.00015,-0.00015,-0.0003,0.03564,3.754628,True
KVAL003,19,0.901833,Neck,0.007435,0.002865,-0.003585,-0.00585,0.113786,1.350843,True
KVAL003,20,0.935166,Neck,0.007952,0.002985,-0.003825,-0.0063,0.103797,3.495927,True
KVAL003,21,0.9685,Neck,0.000524,0.00012,-0.00024,-0.00045,0.119277,1.441303,True
KVAL003,22,1.001833,Neck,0.0,0.0,0.0,0.0,0.007859,1.789151,True
KVAL003,23,1.035177,Neck,0.0,0.0,0.0,0.0,0.0,10.541595,True
KVAL003,24,1.0685,Neck,0.0,0.0,0.0,0.0,0.702649,10.731959,True
KVAL003,25,1.101844,Neck,0.046843,0.012855,-0.03849,0.0234,0.715464,22.75695,True
KVAL003,26,1.135166,Neck,0.047698,0.01305,-0.041385,0.0198,0.865593,22.493681,True
KVAL003,27,1.168511,Neck,0.028616,-0.00273,-0.01239,-0.02565,0.823097,9.032716,True
KVAL003,28,1.201833,Neck,0.024039,-0.002895,-0.00948,-0.0219,1.169484,10.00854,True
KVAL003,29,1.235177,Neck,0.089982,0.006825,0.044865,-0.0777,1.264668,62.891493,True
KVAL003,30,1.2685,Neck,0.100147,0.011985,0.03045,-0.09465,4.896997,33.232224,True
KVAL003,31,1.301833,Neck,0.407172,0.02208,0.0474,-0.4038,2.519144,89.984551,True
KVAL003,32,1.335177,Neck,0.230767,0.169605,0.03552,-0.1524,1.167057,187.055795,True
KVAL003,33,1.368511,Neck,0.336098,0.046635,0.042285,-0.33015,11.975427,33.625854,True
KVAL003,34,1.401844,Neck,0.892438,-0.176175,0.101655,-0.86895,1.816829,469.41266,True
KVAL003,35,1.435177,Neck,0.312479,-0.07092,0.03282,-0.30255,19.796351,156.129652,True
KVAL003,36,1.4685,Neck,0.445771,-0.045225,-0.132225,0.4233,10.57579,428.304161,True
KVAL003,37,1.501844,Neck,0.403975,-0.02589,-0.12645,0.3828,8.895112,302.604101,True
KVAL003,38,1.535177,Neck,0.157016,0.021045,-0.01716,-0.15465,9.65095,126.620401,True
KVAL003,39,1.568511,Neck,0.276686,-0.073035,-0.073155,-0.25665,1.308872,197.077261,True
KVAL003,40,1.601844,Neck,0.205503,-0.05397,-0.00744,-0.19815,4.240591,55.144083,True
KVAL003,41,1.635177,Neck,0.090057,0.015135,0.08088,-0.0366,2.798715,85.152285,True
KVAL003,42,1.6685,Neck,0.048051,-0.038445,0.024615,-0.015,1.685101,50.916084,True
KVAL003,43,1.701833,Neck,0.075989,0.000195,-0.024735,-0.07185,1.51068,18.93303,True
KVAL003,44,1.735177,Neck,0.063246,0.051555,-0.0171,-0.0324,1.003965,29.778733,True
KVAL003,45,1.768511,Neck,0.129529,0.04137,-0.06783,-0.1023,1.23396,40.068137,True
KVAL003,46,1.801833,Neck,0.1146,0.020505,-0.04773,-0.10215,1.682218,45.209447,True
KVAL003,47,1.835177,Neck,0.067521,-0.01398,0.02124,-0.06255,1.923757,26.997588,True
KVAL003,48,1.868511,Neck,0.015339,-0.009045,0.00783,0.0096,1.133517,46.180287,True
KVAL003,49,1.901844,Neck,0.022353,0.00069,0.019125,0.01155,1.174816,8.068764,True
KVAL003,50,1.935166,Neck,0.067003,-0.00468,-0.01578,-0.06495,0.761425,51.540973,True
KVAL003,51,1.968511,Neck,0.057752,0.00366,-0.002025,0.0576,2.365082,31.70788,True
KVAL003,52,2.001833,Neck,0.099228,0.065385,0.02577,0.07005,1.489575,66.414043,True
KVAL003,53,2.035177,Neck,0.059278,0.050295,-0.01011,-0.0297,2.071633,30.458263,True
KVAL003,54,2.0685,Neck,0.042822,-0.01083,-0.003855,-0.04125,0.661168,51.962367,True
KVAL003,55,2.101844,Neck,0.062614,0.058335,-0.01884,0.01275,1.487537,15.883714,True
KVAL003,56,2.135177,Neck,0.072847,0.07005,-0.01269,0.01545,0.917711,45.366915,True
KVAL003,57,2.168511,Neck,0.037917,0.008625,0.008205,0.036,1.772689,30.215174,True
KVAL003,58,2.201855,Neck,0.075587,-0.034875,-0.06657,0.0081,1.704282,43.583122,True
KVAL003,59,2.235188,Neck,0.082365,-0.047175,-0.0531,-0.0417,1.645001,45.150563,True
KVAL003,60,2.268522,Neck,0.05962,-0.024675,0.02799,-0.0465,1.369809,39.285226,True
KVAL003,61,2.301866,Neck,0.032252,-0.023025,0.022245,0.0039,1.104265,33.277746,True
KVAL003,62,2.3352,Neck,0.053851,-0.051735,-0.0027,0.0147,1.059279,38.35377,True
KVAL003,63,2.368511,Neck,0.076269,-0.039885,0.011955,-0.0639,1.454986,31.647441,True
KVAL003,64,2.401844,Neck,0.073395,-0.00876,0.03837,-0.06195,1.145469,41.342186,True
KVAL003,65,2.435177,Neck,0.012529,0.00252,-0.011295,-0.0048,1.449243,18.755481,True
KVAL003,66,2.468511,Neck,0.024952,0.00687,-0.019725,0.01365,0.299822,36.974328,True
KVAL003,67,2.501844,Neck,0.007967,-0.004605,0.00639,0.0012,1.10418,7.449782,True
KVAL003,68,2.535177,Neck,0.050092,-0.001155,0.048225,-0.0135,0.657839,31.434644,True
KVAL003,69,2.5685,Neck,0.049408,-0.000495,0.04761,-0.0132,1.14546,25.956341,True
KVAL003,70,2.601833,Neck,0.045501,-0.034185,-0.020055,-0.02235,1.141333,23.698081,True
KVAL003,71,2.635166,Neck,0.045371,-0.03411,-0.020055,-0.0222,0.541821,20.55903,True
KVAL003,72,2.6685,Neck,0.011856,-0.00324,-0.007875,-0.00825,0.243517,21.643432,True
KVAL003,73,2.701833,Neck,0.030665,-0.02238,-0.009375,-0.01875,0.983606,1.750038,True
KVAL003,74,2.735177,Neck,0.070235,-0.05736,0.014235,-0.03795,0.251835,37.991675,True
KVAL003,75,2.768511,Neck,0.021196,-0.006645,-0.003615,-0.0198,1.549252,14.646199,True
KVAL003,76,2.801844,Neck,0.035263,0.02781,-0.01929,0.0099,0.787315,37.607124,True
KVAL003,77,2.835188,Neck,0.046704,-0.04314,-0.00126,0.01785,1.069487,28.986153,True
KVAL003,78,2.868522,Neck,0.044167,-0.04059,-0.000615,0.0174,1.158611,32.587949,True
KVAL003,79,2.901855,Neck,0.045576,0.00108,0.009555,-0.04455,1.295316,32.152887,True
KVAL003,80,2.9352,Neck,0.052879,0.01164,-0.007725,-0.051,1.1764,39.40044,True
KVAL003,81,2.968533,Neck,0.037586,0.01356,-0.024675,0.0249,1.375242,25.330865,True
KVAL003,82,3.001844,Neck,0.043486,-0.019065,-0.01779,0.0348,0.764424,33.755303,True
KVAL003,83,3.035177,Neck,0.035978,-0.032535,-0.00573,0.01425,1.044983,42.938991,True
KVAL003,84,3.0685,Neck,0.044134,0.0429,-0.00954,0.00405,2.406157,21.962298,True
KVAL003,85,3.101844,Neck,0.126392,0.088155,0.016275,-0.0891,0.95988,72.360419,True
KVAL003,86,3.135166,Neck,0.057752,0.01314,-0.024645,-0.05055,2.688233,22.785106,True
KVAL003,87,3.168511,Neck,0.112043,-0.00828,-0.11142,-0.0084,1.128695,51.236924,True
KVAL003,88,3.201844,Neck,0.108829,0.035205,-0.09555,-0.0384,1.055951,38.539921,True
KVAL003,89,3.235177,Neck,0.05797,0.01449,-0.05187,0.02145,1.639906,10.752613,True
KVAL003,90,3.268511,Neck,0.028212,-0.00555,-0.014985,0.02325,1.048877,15.247055,True
KVAL003,91,3.301844,Neck,0.05602,-0.010275,0.00432,0.0549,1.480086,20.386875,True
KVAL003,92,3.335166,Neck,0.119012,-0.017055,0.01356,0.117,0.547898,42.938558,True
KVAL003,93,3.3685,Neck,0.07846,0.011325,-0.016335,0.0759,1.426754,13.547067,True
KVAL003,94,3.401833,Neck,0.052283,0.021945,-0.02592,0.03975,0.519224,25.580067,True
KVAL003,95,3.435177,Neck,0.048885,0.018285,-0.01707,0.042,0.469453,12.150255,True
KVAL003,96,3.4685,Neck,0.04631,-0.00894,-0.020895,0.04035,0.665962,12.835445,True
KVAL003,97,3.501833,Neck,0.038117,-0.023085,-0.00684,0.02955,0.655579,17.846699,True
KVAL003,98,3.535177,Neck,0.002606,-0.00057,-0.001185,0.00225,0.729022,10.047564,True
KVAL003,99,3.568511,Neck,0.012603,0.012225,0.00063,-0.003,0.955717,10.922208,True
KVAL003,100,3.601833,Neck,0.06183,0.045285,0.03699,-0.0201,0.400591,29.57751,True
KVAL003,101,3.635177,Neck,0.028807,0.00633,0.02367,-0.01515,1.032799,14.351562,True
KVAL003,102,3.6685,Neck,0.017338,-0.014835,0.00876,-0.00195,0.573307,18.945485,True
KVAL003,103,3.701844,Neck,0.021913,0.01782,0.00021,0.01275,0.595091,12.934425,True
KVAL003,104,3.735166,Neck,0.024645,0.00906,-0.020295,0.01065,0.42924,13.395494,True
KVAL003,105,3.768511,Neck,0.009356,-0.0084,-0.00363,0.00195,0.37492,10.986339,True
KVAL003,106,3.801833,Neck,0.025939,-0.01458,-0.014235,0.01605,0.484558,17.24754,True
KVAL003,107,3.835177,Neck,0.028602,0.012015,-0.018555,-0.01815,0.910284,22.555395,True
KVAL003,108,3.8685,Neck,0.049796,0.03147,0.02208,0.03165,1.298123,17.598913,True
KVAL003,109,3.901833,Neck,0.075574,0.045135,0.060375,-0.0054,0.868618,37.174051,True
KVAL003,110,3.935166,Neck,0.065861,0.05943,0.021045,-0.01905,1.337608,22.042212,True
KVAL003,111,3.968511,Neck,0.066092,0.05835,-0.02427,0.01935,0.979221,26.437801,True
KVAL003,112,4.001833,Neck,0.05754,0.03993,-0.04044,-0.009,0.736544,21.120755,True
KVAL003,113,4.035177,Neck,0.034394,0.023895,-0.01944,-0.0153,0.894709,32.652913,True
KVAL003,114,4.0685,Neck,0.095227,0.08001,-0.037875,0.0351,1.466368,34.976139,True
KVAL003,115,4.101833,Neck,0.105893,0.068205,-0.043155,0.06855,2.699893,37.836754,True
KVAL003,116,4.135166,Neck,0.270121,0.204525,-0.16482,0.063,3.213064,180.313317,True
KVAL003,117,4.1685,Neck,0.309862,0.225255,-0.18342,0.10785,9.553824,198.624498,True
KVAL003,118,4.201844,Neck,0.442042,0.00621,0.440055,0.0414,10.219997,270.034325,True
KVAL003,119,4.235177,Neck,0.422193,-0.056325,0.41433,-0.05835,8.770949,266.918503,True
KVAL003,120,4.268522,Neck,0.197965,0.09291,-0.110505,-0.13545,7.728583,275.002276,True
KVAL003,121,4.301855,Neck,0.16804,0.14199,-0.061155,-0.06585,12.743847,103.004521,True
KVAL003,122,4.335188,Neck,0.710323,0.080085,0.007905,0.70575,2.727133,509.248702,True
KVAL003,123,4.368533,Neck,0.20756,0.083565,-0.181005,0.05775,21.239294,69.893629,True
KVAL003,124,4.401866,Neck,0.730588,-0.003585,-0.263385,-0.68145,4.154242,431.926432,True
KVAL003,125,4.435166,Neck,0.373435,-0.04803,-0.351615,-0.11625,7.681245,135.751849,True
KVAL003,126,4.4685,Neck,0.322464,0.02499,-0.272715,-0.17025,5.524859,136.665923,True
KVAL003,127,4.501833,Neck,0.13536,0.0738,-0.004035,-0.1134,5.158441,59.225996,True
KVAL003,128,4.535177,Neck,0.188543,0.082815,0.065985,-0.156,1.830146,94.805734,True
KVAL003,129,4.568511,Neck,0.175721,0.061185,0.1173,-0.11565,4.303297,64.393847,True
KVAL003,130,4.601844,Neck,0.166082,-0.095025,0.121155,0.06225,3.760239,99.072819,True
KVAL003,131,4.635166,Neck,0.160085,-0.12984,0.08316,0.04305,2.962834,97.550385,True
KVAL003,132,4.668511,Neck,0.064795,0.04362,-0.018375,0.04425,3.160118,68.264494,True
KVAL003,133,4.701833,Neck,0.076747,0.070755,0.024105,0.0174,1.988548,53.483135,True
KVAL003,134,4.735166,Neck,0.099718,0.021585,0.09516,-0.02055,0.644988,57.462767,True
KVAL003,135,4.7685,Neck,0.068916,0.04851,0.047745,-0.0108,1.863898,24.790113,True
KVAL003,136,4.801844,Neck,0.0542,0.0474,-0.0207,0.0162,1.145704,40.30438,True
KVAL003,137,4.835166,Neck,0.049605,0.041055,-0.02418,0.0138,1.057961,30.392949,True
KVAL003,138,4.8685,Neck,0.039956,0.01026,0.00408,-0.0384,1.102051,17.567496,True
KVAL003,139,4.901833,Neck,0.042711,0.00585,0.009405,-0.04125,0.162368,14.571436,True
KVAL003,140,4.935177,Neck,0.029316,0.008355,0.004425,-0.02775,0.719598,13.416496,True
KVAL003,141,4.9685,Neck,0.071087,-0.03114,-0.012345,-0.0627,0.791893,34.69074,True
KVAL003,142,5.001833,Neck,0.070601,-0.02805,-0.00612,-0.0645,1.946606,35.213581,True
KVAL003,143,5.035166,Neck,0.134307,0.077985,-0.0819,-0.07245,2.026182,66.897823,True
KVAL003,144,5.068511,Neck,0.151947,0.079515,-0.078,-0.10335,2.58657,71.573761,True
KVAL003,145,5.101844,Neck,0.112161,-0.03291,0.04806,-0.09585,2.810677,34.333955,True
KVAL003,146,5.135177,Neck,0.118348,-0.04512,0.061335,-0.0906,0.798065,61.96116,True
KVAL003,147,5.1685,Neck,0.163822,-0.054495,0.05673,-0.1437,1.550191,75.146205,True
KVAL003,148,5.201833,Neck,0.151353,-0.02352,-0.021915,-0.1479,4.231581,79.572789,True
KVAL003,149,5.235177,Neck,0.119173,0.021405,-0.04596,0.10785,4.135432,189.911013,True
KVAL003,150,5.268511,Neck,0.125035,0.008925,0.03234,0.12045,8.510089,178.4672,True
KVAL003,151,5.301844,Neck,0.449793,-0.001365,0.19905,-0.40335,8.118831,220.770321,True
KVAL003,152,5.335188,Neck,0.441582,-0.037605,0.199005,-0.3924,6.220621,192.178674,True
KVAL003,153,5.368511,Neck,0.041019,-0.01953,0.021315,-0.0291,5.446137,128.746808,True
KVAL003,154,5.401855,Neck,0.240875,-0.166305,-0.05376,-0.16575,3.619161,103.504287,True
KVAL003,155,5.435177,Neck,0.269609,-0.171015,-0.05292,-0.2016,3.525738,111.129521,True
KVAL003,156,5.468522,Neck,0.16241,0.06294,-0.08427,-0.12375,4.115681,69.856396,True
KVAL003,157,5.501833,Neck,0.140474,0.07482,-0.084285,-0.08385,2.255322,76.08272,True
KVAL003,158,5.535166,Neck,0.020046,0.01416,0.005205,-0.0132,1.983639,87.241843,True
KVAL003,159,5.5685,Neck,0.014493,0.007635,0.003855,-0.0117,4.24743,78.543207,True
KVAL003,160,5.601844,Neck,0.289153,-0.109065,-0.01359,-0.26745,4.239137,128.437052,True
KVAL003,161,5.635177,Neck,0.290119,-0.10902,-0.013845,-0.2685,4.319519,126.332163,True
KVAL003,162,5.668511,Neck,0.001366,0.00018,-0.000105,-0.00135,4.183294,67.156431,True
KVAL003,163,5.701844,Neck,0.014301,0.00375,-0.00012,-0.0138,0.198975,63.18808,True
KVAL003,164,5.735177,Neck,0.014614,0.00384,-6e-05,-0.0141,0.034289,2.658688,True
KVAL003,165,5.7685,Neck,0.016314,0.00357,0.000765,-0.0159,0.027634,4.105788,True
KVAL003,166,5.801844,Neck,0.016151,0.00351,0.00069,-0.01575,0.242547,2.60096,True
KVAL003,167,5.835177,Neck,0.000157,0.0,-4.5e-05,-0.00015,0.149439,5.905942,True
KVAL003,168,5.868511,Neck,0.007994,-0.00024,-0.003135,-0.00735,0.16053,2.245136,True
KVAL003,169,5.901833,Neck,0.010858,-0.000435,-0.003255,-0.01035,0.052589,4.050035,True
KVAL003,170,5.935177,Neck,0.005819,-0.001155,-0.00018,-0.0057,0.113191,23.249361,True
KVAL003,171,5.9685,Neck,0.004479,-0.002625,-0.001125,-0.00345,1.552006,31.766537,True
KVAL003,172,6.001833,Neck,0.10814,-0.07395,0.023085,-0.07545,2.087457,32.352644,True
KVAL003,173,6.035166,Neck,0.143063,-0.114,0.02325,-0.08325,0.67166,81.169686,True
KVAL003,174,6.068511,Neck,0.072453,-0.063105,0.00816,-0.03465,3.515899,75.236824,True
KVAL003,175,6.101844,Neck,0.132584,-0.01491,0.02601,0.12915,5.647524,24.140387,True
KVAL003,176,6.135188,Neck,0.334793,0.00978,0.000495,0.33465,2.255499,139.999739,True
KVAL003,177,6.168511,Neck,0.274924,0.0339,0.07896,0.26115,3.902173,39.630888,True
KVAL003,178,6.201855,Neck,0.141348,0.012075,0.10332,0.0957,1.021292,110.903791,True
KVAL003,179,6.235166,Neck,0.276959,-0.01596,0.12327,0.2475,3.627831,69.68456,True
KVAL003,180,6.2685,Neck,0.345361,0.068175,0.07761,0.32955,3.63924,50.971478,True
KVAL003,181,6.301833,Neck,0.375091,0.156375,-0.020055,0.34035,2.476695,89.418136,True
KVAL003,182,6.335166,Neck,0.420035,-0.03654,-0.01425,0.4182,3.092722,91.418658,True
KVAL003,183,6.368511,Neck,0.357785,-0.04575,-0.05964,0.3498,4.045698,112.194024,True
KVAL003,184,6.401844,Neck,0.195536,0.08094,-0.027885,0.1758,6.9151,98.768872,True
KVAL003,185,6.435166,Neck,0.236358,-0.051495,-0.214725,-0.0843,8.300513,103.240012,True
KVAL003,186,6.468511,Neck,0.381405,-0.143805,-0.170655,-0.3093,5.421615,186.382336,True
KVAL003,187,6.501844,Neck,0.341286,-0.06699,0.04893,-0.33105,4.453314,106.070431,True
KVAL003,188,6.535188,Neck,0.125831,-0.03306,0.027735,-0.1182,3.239993,57.719526,True
KVAL003,189,6.568511,Neck,0.202609,-0.014205,0.142275,-0.14355,1.235054,102.645291,True
KVAL003,190,6.601844,Neck,0.136666,-0.07554,0.08451,-0.07635,6.710099,45.704492,True
KVAL003,191,6.635166,Neck,0.337705,-0.3045,-0.05028,0.1371,3.192489,172.788812,True
KVAL003,192,6.668511,Neck,0.202116,-0.187065,-0.015255,0.075,5.069962,73.615288,True
KVAL003,193,6.701833,Neck,0.007806,-0.003015,-1.5e-05,-0.0072,2.004544,117.832263,True
KVAL003,194,6.735177,Neck,0.100948,-0.069645,0.045915,0.05685,3.757297,61.005907,True
KVAL003,195,6.7685,Neck,0.24405,-0.050445,0.020475,0.2379,3.523367,79.853126,True
KVAL003,196,6.801844,Neck,0.298714,-0.042375,0.05874,0.2898,1.669312,61.801173,True
KVAL003,197,6.835166,Neck,0.149304,-0.00999,0.052665,0.13935,2.081014,46.794237,True
KVAL003,198,6.868511,Neck,0.288573,0.085845,0.007755,0.2754,1.670458,77.621176,True
KVAL003,199,6.901833,Neck,0.25471,0.01797,0.059955,0.2469,4.141341,74.662812,True
KVAL003,200,6.935166,Neck,0.043875,-0.027825,0.02367,0.0243,3.554954,57.853199,True
KVAL003,201,6.968511,Neck,0.205151,-0.17037,0.048465,0.1035,2.070441,116.440103,True
KVAL003,202,7.001844,Neck,0.146903,-0.130665,-0.066765,0.00705,5.111052,97.242961,True
KVAL003,203,7.035166,Neck,0.157032,0.147765,-0.046125,0.0264,4.475242,110.081892,True
KVAL003,204,7.0685,Neck,0.169669,0.119505,0.06615,0.10065,2.354484,104.08466,True
KVAL003,205,7.101844,Neck,7.6e-05,7.5e-05,1.5e-05,0.0,2.544723,39.130855,True
KVAL003,206,7.135177,Neck,3e-05,3e-05,0.0,0.0,0.27544,42.218722,True
KVAL003,207,7.1685,Neck,0.018428,0.017145,-0.00504,-0.0045,0.373591,17.440532,True
KVAL003,208,7.201833,Neck,0.024936,0.024795,-0.00243,0.00105,1.304182,19.316659,True
KVAL003,209,7.235177,Neck,0.098953,0.04794,-0.016125,-0.08505,1.293237,43.491802,True
KVAL003,210,7.268511,Neck,0.093482,0.04014,-0.022215,-0.08145,1.599218,40.103424,True
KVAL003,211,7.301844,Neck,0.009899,-4.5e-05,-0.00339,0.0093,1.403887,25.790431,True
KVAL003,212,7.335188,Neck,0.000211,0.000105,0.000105,0.00015,0.148559,21.08329,True
KVAL003,213,7.368511,Neck,2.1e-05,1.5e-05,1.5e-05,0.0,0.003166,2.229568,True
KVAL003,214,7.401844,Neck,0.0,0.0,0.0,0.0,0.000318,0.04749,True
KVAL003,215,7.435188,Neck,0.0,0.0,0.0,0.0,0.0,0.004773,True
KVAL003,216,7.468522,Neck,0.0,0.0,0.0,0.0,0.0,0.0,True
KVAL003,217,7.501855,Neck,0.0,0.0,0.0,0.0,0.0,0.0,True
KVAL003,218,7.5352,Neck,0.0,0.0,0.0,0.0,0.0,0.0,True
KVAL003,219,7.568533,Neck,0.0,0.0,0.0,0.0,0.0,0.0,True
KVAL003,220,7.601833,Neck,0.0,0.0,0.0,0.0,0.0,0.0,True
KVAL003,221,7.635166,Neck,0.0,0.0,0.0,0.0,0.0,0.0,True
KVAL003,222,7.668511,Neck,0.0,0.0,0.0,0.0,0.0,0.0,True
KVAL003,223,7.701844,Neck,0.0,0.0,0.0,0.0,0.0,4.487909,True
KVAL003,224,7.735188,Neck,0.0,0.0,0.0,0.0,0.299194,4.497554,True
KVAL003,225,7.768522,Neck,0.019946,0.01854,0.000315,0.00735,0.299837,8.040348,True
KVAL003,226,7.801855,Neck,0.019989,0.018585,0.000375,0.00735,0.25702,8.054006,True
KVAL003,227,7.8352,Neck,0.010292,0.003975,0.008655,0.0039,0.257025,4.630839,True
KVAL003,228,7.868533,Neck,0.010248,0.00396,0.00861,0.0039,0.143371,4.754154,True
KVAL003,229,7.901833,Neck,0.001411,0.00138,0.000255,0.00015,0.134703,2.486532,True
KVAL003,230,7.935166,Neck,0.002759,0.0027,0.00048,0.0003,0.040422,4.589921,True
KVAL003,0,0.0,RShoulder,0.156341,-0.09783,-0.12195,-0.0003,1.266633,16.323427,False
KVAL003,1,0.301866,RShoulder,0.114299,-0.069765,-0.09051,0.00225,1.805237,7.611254,False
KVAL003,2,0.3352,RShoulder,0.036191,-0.02082,-0.029505,0.0024,1.751435,18.504616,False
KVAL003,3,0.3685,RShoulder,0.006396,0.00582,-0.00162,-0.0021,0.581769,26.959931,False
KVAL003,4,0.401844,RShoulder,0.006376,0.00579,-0.00165,-0.0021,0.109546,9.422145,False
KVAL003,5,0.435166,RShoulder,0.012276,0.009075,-0.00813,-0.0015,0.109372,4.309325,False
KVAL003,6,0.4685,RShoulder,0.012301,0.009,-0.00819,-0.0018,0.183888,4.318048,False
KVAL003,7,0.501844,RShoulder,0.000315,-7.5e-05,-6e-05,-0.0003,0.184516,11.368309,False
KVAL003,8,0.535177,RShoulder,0.0,0.0,0.0,0.0,0.578221,11.191785,False
KVAL003,9,0.568522,RShoulder,0.038566,0.021975,-0.03165,-0.00165,0.567102,17.536767,False
KVAL003,10,0.601855,RShoulder,0.037807,0.02124,-0.031275,0.0003,0.59137,17.013055,False
KVAL003,11,0.635188,RShoulder,0.002117,-0.000735,0.000375,0.00195,0.567102,9.093962,False
KVAL003,12,0.668533,RShoulder,0.0,0.0,0.0,0.0,0.032002,8.515904,False
KVAL003,13,0.701866,RShoulder,4.2e-05,3e-05,-3e-05,0.0,0.000636,0.393198,False
KVAL003,14,0.735166,RShoulder,4.2e-05,3e-05,-3e-05,0.0,0.013509,8.108045,False
KVAL003,15,0.7685,RShoulder,0.00091,-0.0003,-0.000615,-0.0006,0.540256,8.659841,False
KVAL003,16,0.801833,RShoulder,0.035998,-0.01917,0.00321,0.0303,0.570907,15.929144,False
KVAL003,17,0.835166,RShoulder,0.037631,-0.019455,0.004095,0.03195,0.521691,8.980637,False
KVAL003,18,0.8685,RShoulder,0.001232,-0.000585,0.00027,0.00105,0.054587,15.535166,False
KVAL003,19,0.901833,RShoulder,0.035999,-0.015825,0.003885,0.0321,0.515391,7.9002,False
KVAL003,20,0.935166,RShoulder,0.035581,-0.01584,0.00366,0.03165,0.546286,15.736597,False
KVAL003,21,0.9685,RShoulder,0.000503,-1.5e-05,-0.000225,-0.00045,0.533718,8.289271,False
KVAL003,22,1.001833,RShoulder,0.0,0.0,0.0,0.0,0.00755,8.005776,False
KVAL003,23,1.035177,RShoulder,0.0,0.0,0.0,0.0,0.0,8.043985,False
KVAL003,24,1.0685,RShoulder,0.0,0.0,0.0,0.0,0.533099,8.850553,False
KVAL003,25,1.101844,RShoulder,0.03554,-0.00336,-0.035355,0.00135,0.590037,16.009514,False
KVAL003,26,1.135166,RShoulder,0.039336,-0.0033,-0.039045,-0.00345,0.554233,18.217563,False
KVAL003,27,1.168511,RShoulder,0.013922,-0.008925,-0.000855,-0.01065,0.634983,10.398623,False
KVAL003,28,1.201833,RShoulder,0.01109,-0.008985,0.002835,-0.00585,0.617371,97.309897,False
KVAL003,29,1.235177,RShoulder,0.033314,-0.006585,0.024225,0.0219,7.117748,210.476993,False
KVAL003,30,1.2685,RShoulder,0.477853,-0.040515,0.47601,0.0108,14.3916,129.402366,False
KVAL003,31,1.301833,RShoulder,0.981286,0.241965,0.95088,0.01425,4.315537,445.529355,False
KVAL003,32,1.335177,RShoulder,0.531888,0.24666,0.470445,0.0273,15.310969,165.23507,False
KVAL003,33,1.368511,RShoulder,0.041609,-0.017445,-0.03633,0.01035,8.483386,233.051985,False
KVAL003,34,1.401844,RShoulder,0.043618,-0.000825,-0.038055,0.0213,0.229766,155.785087,False
KVAL003,35,1.435177,RShoulder,0.029076,-0.0159,-0.02118,0.012,4.172271,109.318611,False
KVAL003,36,1.4685,RShoulder,0.2932,0.03117,0.023985,0.29055,7.494691,274.20379,False
KVAL003,37,1.501844,RShoulder,0.475174,0.24282,0.40197,0.07245,15.665302,195.029701,False
KVAL003,38,1.535177,RShoulder,0.881504,0.31284,0.66948,-0.4806,9.928182,281.285055,False
KVAL003,39,1.568511,RShoulder,0.764225,0.18516,0.45594,-0.5847,5.226548,205.506245,False
KVAL003,40,1.601844,RShoulder,0.691775,0.205455,0.348015,-0.56145,4.203112,98.273208,False
KVAL003,41,1.635177,RShoulder,0.514837,0.222885,0.29325,-0.3597,4.178699,38.565241,False
KVAL003,42,1.6685,RShoulder,0.454533,0.222285,0.26298,-0.2967,1.813904,52.76139,False
KVAL003,43,1.701833,RShoulder,0.400157,0.1989,0.23238,-0.258,1.211879,92.401041,False
KVAL003,44,1.735177,RShoulder,0.37662,0.183855,0.203085,-0.25845,4.435961,78.823248,False
KVAL003,45,1.768511,RShoulder,0.674824,0.30942,0.286305,-0.52695,4.202536,141.284789,False
KVAL003,46,1.801833,RShoulder,0.649293,0.342585,0.27615,-0.47745,5.257249,147.779564,False
KVAL003,47,1.835177,RShoulder,0.337321,0.13545,0.08811,-0.2961,5.929039,51.106498,False
KVAL003,48,1.868511,RShoulder,0.309321,0.083325,0.039915,-0.2952,2.539076,62.454971,False
KVAL003,49,1.901844,RShoulder,0.176161,0.09987,0.056535,-0.13365,4.384248,7.638093,False
KVAL003,50,1.935166,RShoulder,0.019524,0.003285,-0.00681,-0.018,2.638128,82.359964,False
KVAL003,51,1.968511,RShoulder,0.10291,0.0777,0.053745,0.0408,4.035175,41.697952,False
KVAL003,52,2.001833,RShoulder,0.260126,0.19596,0.135405,0.10455,0.752169,117.98696,False
KVAL003,53,2.035177,RShoulder,0.150233,0.11229,0.08997,0.0432,3.837165,62.492756,False
KVAL003,54,2.0685,RShoulder,0.018993,0.00012,0.01656,-0.0093,3.446617,36.410097,False
KVAL003,55,2.101844,RShoulder,0.080089,-0.05868,-0.043035,-0.03345,1.49418,97.456112,False
KVAL003,56,2.135177,RShoulder,0.092917,-0.06603,-0.050715,-0.04125,3.057532,59.439482,False
KVAL003,57,2.168511,RShoulder,0.123848,0.095985,0.061815,0.048,2.486843,79.288281,False
KVAL003,58,2.201855,RShoulder,0.07303,0.056205,0.036195,0.0294,2.228831,29.15473,False
KVAL003,59,2.235188,RShoulder,0.02507,-0.01767,-0.0114,-0.01365,0.727585,63.3796,False
KVAL003,60,2.268522,RShoulder,0.116293,0.09423,0.06498,0.02055,2.006957,15.227133,False
KVAL003,61,2.301866,RShoulder,0.109994,0.08916,0.059655,0.0243,0.880229,39.94191,False
KVAL003,62,2.3352,RShoulder,0.12239,0.095415,0.06651,-0.0381,2.022015,16.263018,False
KVAL003,63,2.368511,RShoulder,0.18952,0.131475,0.093975,-0.099,0.256588,60.09809,False
KVAL003,64,2.401844,RShoulder,0.12896,0.10116,0.07596,-0.02505,2.000386,20.134052,False
KVAL003,65,2.435177,RShoulder,0.09225,0.06795,0.060915,0.0135,1.228794,28.588273,False
KVAL003,66,2.468511,RShoulder,0.051388,0.028845,0.04194,-0.00705,1.247238,17.233834,False
KVAL003,67,2.501844,RShoulder,0.014631,0.00027,0.014625,-0.0003,0.229443,25.452769,False
KVAL003,68,2.535177,RShoulder,0.039715,0.02847,0.026655,-0.0075,0.482216,4.272442,False
KVAL003,69,2.5685,RShoulder,0.040157,0.0294,0.02643,-0.00705,0.342975,10.518121,False
KVAL003,70,2.601833,RShoulder,0.034811,0.019785,0.014415,-0.02475,0.350421,7.520615,False
KVAL003,71,2.635166,RShoulder,0.034699,0.01983,0.01434,-0.0246,0.40318,15.779847,False
KVAL003,72,2.6685,RShoulder,0.01012,0.00186,0.000975,-0.0099,1.279104,8.304188,False
KVAL003,73,2.701833,RShoulder,0.07111,-0.05295,-0.0279,-0.0384,0.307173,50.726537,False
KVAL003,74,2.735177,RShoulder,0.027321,-0.01035,0.011535,-0.0225,2.112673,7.707626,False
KVAL003,75,2.768511,RShoulder,0.086392,0.05757,0.05862,-0.0267,0.365681,42.659202,False
KVAL003,76,2.801844,RShoulder,0.038046,0.011295,0.018615,-0.0312,0.831329,8.290792,False
KVAL003,77,2.835188,RShoulder,0.033475,0.02184,0.025365,-0.00045,0.411408,21.991038,False
KVAL003,78,2.868522,RShoulder,0.031058,0.01983,0.02325,-0.00555,0.916836,16.457836,False
KVAL003,79,2.901855,RShoulder,0.089782,0.054315,0.06123,0.0369,1.34818,35.62709,False
KVAL003,80,2.9352,RShoulder,0.116489,0.07863,0.079545,0.03255,1.460348,59.361052,False
KVAL003,81,2.968533,RShoulder,0.01803,0.0042,-0.00216,-0.0174,2.617302,16.589563,False
KVAL003,82,3.001844,RShoulder,0.058098,-0.037665,-0.039405,-0.0201,0.620424,53.490166,False
KVAL003,83,3.035177,RShoulder,0.040735,-0.02649,-0.029055,-0.01065,1.359283,57.847374,False
KVAL003,84,3.0685,RShoulder,0.072571,-0.048165,0.0138,0.0525,4.001578,125.422478,False
KVAL003,85,3.101844,RShoulder,0.283154,-0.253395,0.082515,-0.0957,7.754572,55.833277,False
KVAL003,86,3.135166,RShoulder,0.52677,-0.44622,0.051105,-0.27525,0.924612,211.051673,False
KVAL003,87,3.168511,RShoulder,0.316683,-0.26871,0.06735,-0.15345,6.460754,61.235915,False
KVAL003,88,3.201844,RShoulder,0.151633,-0.07194,0.112875,-0.07125,3.462053,89.141306,False
KVAL003,89,3.235177,RShoulder,0.091038,-0.062685,0.03882,-0.0534,2.091261,39.405138,False
KVAL003,90,3.268511,RShoulder,0.024606,-0.02283,-0.0018,-0.009,1.109934,36.306763,False
KVAL003,91,3.301844,RShoulder,0.024239,-0.02202,-0.00435,-0.00915,0.397171,19.730025,False
KVAL003,92,3.335166,RShoulder,0.048996,-0.04518,0.01077,-0.0156,0.314411,20.648791,False
KVAL003,93,3.3685,RShoulder,0.03272,-0.02886,0.014835,-0.0042,1.003747,20.012276,False
KVAL003,94,3.401833,RShoulder,0.019925,0.019005,0.005415,0.00255,1.180091,22.507845,False
KVAL003,95,3.435177,RShoulder,0.049412,0.04854,0.00615,0.0069,0.554726,37.527919,False
KVAL003,96,3.4685,RShoulder,0.019988,-0.01641,-0.00051,0.0114,1.342967,12.345758,False
KVAL003,97,3.501833,RShoulder,0.0408,-0.040275,-0.00486,0.00435,0.275569,27.452947,False
KVAL003,98,3.535177,RShoulder,0.002577,-0.00045,0.000825,0.0024,0.542182,4.757797,False
KVAL003,99,3.568511,RShoulder,0.015974,-0.008835,-0.001695,-0.0132,0.541702,10.597047,False
KVAL003,100,3.601833,RShoulder,0.033874,0.02091,-0.00231,-0.02655,0.992585,27.929634,False
KVAL003,101,3.635177,RShoulder,0.055275,0.05514,0.00201,0.0033,1.667002,13.60932,False
KVAL003,102,3.6685,RShoulder,0.110001,0.09381,0.01365,0.0558,0.54138,50.505583,False
KVAL003,103,3.701844,RShoulder,0.073019,0.061575,0.01158,0.0375,1.73612,27.824392,False
KVAL003,104,3.735166,RShoulder,0.006695,-0.00402,0.00204,-0.00495,1.45319,35.963485,False
KVAL003,105,3.768511,RShoulder,0.023979,-0.02154,-0.00264,-0.0102,0.661951,47.945323,False
KVAL003,106,3.801833,RShoulder,0.038335,0.03234,0.005625,0.0198,1.745408,3.198197,False
KVAL003,107,3.835177,RShoulder,0.092384,0.08238,0.010395,0.0405,0.539485,17.367368,False
KVAL003,108,3.8685,RShoulder,0.073004,0.05829,-0.00045,0.04395,0.745925,17.132488,False
KVAL003,109,3.901833,RShoulder,0.137852,0.111015,0.009675,0.08115,1.624641,25.236622,False
KVAL003,110,3.935166,RShoulder,0.180514,0.14772,0.01815,0.10215,0.999171,77.957159,False
KVAL003,111,3.968511,RShoulder,0.073961,0.050595,0.003255,0.05385,3.579773,9.322749,False
KVAL003,112,4.001833,RShoulder,0.065868,-0.06333,-0.017805,-0.0033,1.593091,86.361126,False
KVAL003,113,4.035177,RShoulder,0.040578,-0.038385,-0.013035,-0.0018,2.197582,49.709437,False
KVAL003,114,4.0685,RShoulder,0.084319,0.07464,0.008685,0.03825,1.74004,30.193201,False
KVAL003,115,4.101833,RShoulder,0.078499,0.068895,0.008715,0.0366,0.226974,8.365613,False
KVAL003,116,4.135166,RShoulder,0.095702,0.088815,0.011475,0.03375,1.400875,2582.78842,False
KVAL003,117,4.1685,RShoulder,0.168862,0.16155,0.00912,0.0483,172.034033,2604.747074,False
KVAL003,118,4.201844,RShoulder,11.453112,-4.169325,-6.94629,8.09565,173.315621,5205.030949,False
KVAL003,119,4.235177,RShoulder,11.533391,-3.634845,-6.650895,8.69325,182.681934,5246.180455,False
KVAL003,120,4.268522,RShoulder,5.003739,3.4707,-3.525435,-0.7503,183.595228,3049.721655,False
KVAL003,121,4.301855,RShoulder,4.863712,2.80029,-3.75558,-1.30755,240.555251,2980.057631,True
KVAL003,122,4.335188,RShoulder,13.784146,2.91204,10.611135,-8.3022,237.19306,6658.237563,False
KVAL003,123,4.368533,RShoulder,13.665425,3.180195,10.490565,-8.15955,208.109233,6540.172288,False
KVAL003,124,4.401866,RShoulder,0.276463,0.21219,-0.03588,0.17355,203.767606,3152.585023,False
KVAL003,125,4.435166,RShoulder,0.234574,-0.15474,0.01824,-0.17535,6.634303,3037.109796,False
KVAL003,126,4.4685,RShoulder,0.169247,-0.11685,-0.016275,-0.12135,4.408766,127.844352,False
KVAL003,127,4.501833,RShoulder,0.065344,0.05937,-0.014055,0.0234,3.244882,45.39875,False
KVAL003,128,4.535177,RShoulder,0.18627,-0.083505,0.1662,-0.01005,7.333083,228.09101,False
KVAL003,129,4.568511,RShoulder,0.549459,0.392235,-0.130155,0.3621,14.377267,118.887569,False
KVAL003,130,4.601844,RShoulder,0.807403,0.562455,-0.38973,0.42855,3.682675,238.267891,False
KVAL003,131,4.635166,RShoulder,0.623797,0.429855,-0.357315,0.2769,2.316815,107.483166,False
KVAL003,132,4.668511,RShoulder,0.708958,0.49677,-0.41382,0.29085,5.180791,138.135601,False
KVAL003,133,4.701833,RShoulder,0.295456,0.17535,-0.22125,0.08715,10.581407,24.688346,False
KVAL003,134,4.735166,RShoulder,0.096864,-0.030555,-0.082515,-0.0405,5.487538,110.943143,False
KVAL003,135,4.7685,RShoulder,0.092047,-0.08289,0.00468,-0.03975,3.391282,61.964333,False
KVAL003,136,4.801844,RShoulder,0.253162,-0.23388,-0.00132,-0.0969,2.391739,89.923506,False
KVAL003,137,4.835166,RShoulder,0.250722,-0.22326,-0.012525,-0.1134,2.72681,80.822462,False
KVAL003,138,4.8685,RShoulder,0.072084,-0.06333,0.003975,-0.0342,2.998502,18.01569,False
KVAL003,139,4.901833,RShoulder,0.051222,-0.043335,0.00066,-0.0273,1.539852,13.113276,False
KVAL003,140,4.935177,RShoulder,0.0318,0.031365,-0.0012,0.0051,2.16976,11.725854,False
KVAL003,141,4.9685,RShoulder,0.093993,0.087015,-0.00558,0.0351,0.826214,67.15314,False
KVAL003,142,5.001833,RShoulder,0.084615,0.07629,0.0066,0.036,3.768239,74.454199,False
KVAL003,143,5.035166,RShoulder,0.263471,0.0606,-0.255195,0.0249,4.583195,112.244922,False
KVAL003,144,5.068511,RShoulder,0.290357,0.026085,-0.287745,-0.0288,3.812426,157.720931,False
KVAL003,145,5.101844,RShoulder,0.037132,0.02931,-0.00729,-0.0216,5.93608,53.276436,False
KVAL003,146,5.135177,RShoulder,0.152375,0.099675,0.08673,0.0759,1.9026,117.702534,False
KVAL003,147,5.1685,RShoulder,0.123574,0.07764,0.065685,0.0702,1.972521,58.729185,False
KVAL003,148,5.201833,RShoulder,0.057362,0.050355,-0.020625,0.01815,2.056538,33.903743,False
KVAL003,149,5.235177,RShoulder,0.050307,0.028515,-0.041445,0.00015,0.666832,85.255769,False
KVAL003,150,5.268511,RShoulder,0.028204,0.0177,0.009495,0.0198,3.958701,49.029448,False
KVAL003,151,5.301844,RShoulder,0.218826,-0.03102,0.210885,0.0495,3.746261,88.018824,False
KVAL003,152,5.335188,RShoulder,0.262953,-0.01821,0.24678,0.08895,1.990036,88.774254,False
KVAL003,153,5.368511,RShoulder,0.113535,0.02817,0.092565,0.0594,2.195078,37.957172,False
KVAL003,154,5.401855,RShoulder,0.125598,0.02595,0.116685,0.03855,0.782912,40.220129,False
KVAL003,155,5.435177,RShoulder,0.165371,0.03555,0.13329,0.0912,2.212524,34.408243,False
KVAL003,156,5.468522,RShoulder,0.193642,0.11316,0.062205,0.1443,1.817692,69.082277,False
KVAL003,157,5.501833,RShoulder,0.153896,0.10569,0.035595,0.10605,2.645711,52.12172,False
KVAL003,158,5.535166,RShoulder,0.020127,0.00939,0.014895,0.00975,2.423731,78.948536,False
KVAL003,159,5.5685,RShoulder,0.010927,-0.00396,0.005295,-0.0087,2.679409,80.022565,False
KVAL003,160,5.601844,RShoulder,0.192485,0.13164,0.01164,0.13995,2.932264,84.773445,False
KVAL003,161,5.635177,RShoulder,0.186652,0.13251,0.007305,0.13125,2.979676,100.50883,False
KVAL003,162,5.668511,RShoulder,0.00982,0.00099,-0.00414,-0.00885,3.807145,33.026475,False
KVAL003,163,5.701844,RShoulder,0.082161,-0.00765,-0.025125,-0.07785,1.06622,52.293067,False
KVAL003,164,5.735177,RShoulder,0.0806,-0.007425,-0.02427,-0.0765,0.330946,11.146733,False
KVAL003,165,5.7685,RShoulder,0.103468,-0.016005,-0.031185,-0.09735,0.340198,28.514326,False
KVAL003,166,5.801844,RShoulder,0.102546,-0.01584,-0.03102,-0.09645,1.577328,18.161072,False
KVAL003,167,5.835177,RShoulder,0.001707,0.000435,0.00069,0.0015,0.873788,44.921609,False
KVAL003,168,5.868511,RShoulder,0.046501,0.00078,-0.020865,-0.04155,1.432627,18.042425,False
KVAL003,169,5.901833,RShoulder,0.093849,-0.00198,-0.042105,-0.08385,0.334426,57.222533,False
KVAL003,170,5.935177,RShoulder,0.068061,-0.005595,-0.02925,-0.0612,2.388033,80.145477,False
KVAL003,171,5.9685,RShoulder,0.066931,0.019395,0.023985,0.0594,5.022363,40.605109,False
KVAL003,172,6.001833,RShoulder,0.27637,0.148275,0.016395,0.23265,3.274475,127.862957,False
KVAL003,173,6.035166,RShoulder,0.269309,0.17334,-0.03237,0.20355,3.640402,116.785302,False
KVAL003,174,6.068511,RShoulder,0.126222,0.088875,-0.08706,0.0213,4.871481,52.587918,False
KVAL003,175,6.101844,RShoulder,0.138055,0.029835,-0.110565,-0.0771,4.477352,99.198041,False
KVAL003,176,6.135188,RShoulder,0.216696,-0.14025,-0.032295,-0.162,7.617744,124.469031,False
KVAL003,177,6.168511,RShoulder,0.551396,-0.417975,-0.35004,-0.0825,7.201858,238.203682,False
KVAL003,178,6.201855,RShoulder,0.574643,-0.3537,-0.44931,-0.05685,8.273026,251.768401,False
KVAL003,179,6.235166,RShoulder,0.10247,0.057675,-0.07389,-0.0414,10.232985,127.521919,False
KVAL003,180,6.2685,RShoulder,0.171738,0.16017,-0.01605,0.05985,2.370836,186.531135,False
KVAL003,181,6.301833,RShoulder,0.079262,0.004065,0.01512,0.0777,3.78969,38.104011,False
KVAL003,182,6.335166,RShoulder,0.14983,-0.073305,0.06387,0.114,1.064249,80.612305,False
KVAL003,183,6.368511,RShoulder,0.084676,-0.06312,0.012465,0.05505,2.071175,38.764091,False
KVAL003,184,6.401844,RShoulder,0.02508,-0.024555,-0.003465,0.00375,1.840731,96.551476,False
KVAL003,185,6.435166,RShoulder,0.038878,0.033525,-0.00921,-0.0174,4.906843,84.695984,False
KVAL003,186,6.468511,RShoulder,0.32894,0.02082,-0.061335,0.3225,3.919978,209.625375,False
KVAL003,187,6.501844,RShoulder,0.230169,-0.09003,0.02415,0.21045,9.237605,196.360035,False
KVAL003,188,6.535188,RShoulder,0.337653,-0.24978,0.082605,-0.21165,9.795246,121.813045,False
KVAL003,189,6.568511,RShoulder,0.477765,-0.150555,0.152805,-0.4269,6.680357,187.839962,False
KVAL003,190,6.601844,RShoulder,0.60104,-0.009255,0.17541,-0.5748,2.986387,215.559308,False
KVAL003,191,6.635166,RShoulder,0.28658,-0.064575,0.06129,-0.2724,8.165168,26.996271,False
KVAL003,192,6.668511,RShoulder,0.07388,-0.042345,0.033765,-0.05025,4.14671,436.438545,False
KVAL003,193,6.701833,RShoulder,0.016277,-0.014445,0.00015,-0.0075,32.855241,865.951997,False
KVAL003,194,6.735177,RShoulder,2.201001,-1.9104,0.004335,1.09305,60.054873,803.203919,True
KVAL003,195,6.7685,RShoulder,4.007776,-2.42094,-2.103165,2.40375,35.680024,1661.904274,True
KVAL003,196,6.801844,RShoulder,2.810917,-0.737025,-1.873755,1.9614,52.747761,1083.226477,True
KVAL003,197,6.835166,RShoulder,1.492413,-0.45057,0.590055,1.29465,40.915131,759.464413,True
KVAL003,198,6.868511,RShoulder,1.119932,-0.28929,0.599115,0.9009,16.223314,663.57215,True
KVAL003,199,6.901833,RShoulder,0.507476,-0.2055,0.38313,0.26175,15.575691,155.02223,True
KVAL003,200,6.935166,RShoulder,0.218225,-0.162735,0.143475,-0.02355,7.383465,246.149556,True
KVAL003,201,6.968511,RShoulder,0.182372,-0.126225,0.07122,-0.1107,1.110462,142.587456,True
KVAL003,202,7.001844,RShoulder,0.241224,-0.199425,0.1299,0.0393,2.492586,56.01939,True
KVAL003,203,7.035166,RShoulder,0.273528,-0.24201,0.12735,-0.00555,2.763938,93.178695,True
KVAL003,204,7.0685,RShoulder,0.207318,-0.151305,0.064605,-0.12615,4.102845,69.62971,False
KVAL003,205,7.101844,RShoulder,0.000454,1.5e-05,6e-05,0.00045,3.111166,62.098376,False
KVAL003,206,7.135177,RShoulder,0.000154,1.5e-05,3e-05,0.00015,0.411271,43.829511,True
KVAL003,207,7.1685,RShoulder,0.027012,-0.007605,-0.013125,-0.02235,1.080181,110.996377,False
KVAL003,208,7.201833,RShoulder,0.072155,-0.019395,0.00948,0.06885,7.042725,10.473902,False
KVAL003,209,7.235177,RShoulder,0.44658,-0.026385,0.03057,0.44475,1.270374,253.450512,True
KVAL003,210,7.268511,RShoulder,0.150304,-0.026445,-0.025185,0.1458,9.854663,52.754465,False
KVAL003,211,7.301844,RShoulder,0.211921,-0.011805,-0.03333,-0.20895,2.276062,195.259156,True
KVAL003,212,7.335188,RShoulder,0.001511,4.5e-05,-0.00018,-0.0015,3.174372,34.463821,True
KVAL003,213,7.368511,RShoulder,0.0003,0.0,0.0,-0.0003,0.022671,47.549037,True
KVAL003,214,7.401844,RShoulder,0.0,0.0,0.0,0.0,0.0045,0.340072,False
KVAL003,215,7.435188,RShoulder,0.0,0.0,0.0,0.0,0.0,0.0675,False
KVAL003,216,7.468522,RShoulder,0.0,0.0,0.0,0.0,0.0,0.0,False
KVAL003,217,7.501855,RShoulder,0.0,0.0,0.0,0.0,0.0,0.0,False
KVAL003,218,7.5352,RShoulder,0.0,0.0,0.0,0.0,0.0,0.0,False
KVAL003,219,7.568533,RShoulder,0.0,0.0,0.0,0.0,0.0,0.0,False
KVAL003,220,7.601833,RShoulder,0.0,0.0,0.0,0.0,0.0,0.0,False
KVAL003,221,7.635166,RShoulder,0.0,0.0,0.0,0.0,0.0,0.0,False
KVAL003,222,7.668511,RShoulder,0.0,0.0,0.0,0.0,0.0,0.0,False
KVAL003,223,7.701844,RShoulder,0.0,0.0,0.0,0.0,0.0,25.349137,False
KVAL003,224,7.735188,RShoulder,0.0,0.0,0.0,0.0,1.689942,25.350528,False
KVAL003,225,7.768522,RShoulder,0.112663,-0.047925,0.087675,-0.05205,1.690035,35.433341,False
KVAL003,226,7.801855,RShoulder,0.112669,-0.04791,0.08778,-0.0519,0.76435,35.425432,False
KVAL003,227,7.8352,RShoulder,0.076017,-0.005685,0.069615,-0.03,0.763085,13.792328,False
KVAL003,228,7.868533,RShoulder,0.075995,-0.0057,0.069525,-0.03015,1.087514,13.239717,False
KVAL003,229,7.901833,RShoulder,0.003809,-7.5e-05,0.002685,-0.0027,1.035226,17.888682,False
KVAL003,230,7.935166,RShoulder,0.007596,-0.00015,0.00534,-0.0054,0.113623,34.185394,False
KVAL003,0,0.0,RElbow,0.209001,-0.19572,-0.0717,-0.0153,1.142205,29.951603,False
KVAL003,1,0.301866,RElbow,0.171,-0.159675,-0.06018,-0.0111,2.138527,19.983108,False
KVAL003,2,0.3352,RElbow,0.066481,-0.061785,-0.0243,-0.00345,2.468269,18.627785,False
KVAL003,3,0.3685,RElbow,0.006587,-0.006225,-0.001545,-0.0015,0.900476,36.424917,False
KVAL003,4,0.401844,RElbow,0.006622,-0.006255,-0.001575,-0.0015,0.060646,12.918345,False
KVAL003,5,0.435166,RElbow,0.005286,-0.0048,0.00213,-0.0006,0.05923,1.521829,False
KVAL003,6,0.4685,RElbow,0.005359,-0.00486,0.00207,-0.0009,0.078451,1.505273,False
KVAL003,7,0.501844,RElbow,0.000312,-6e-05,-6e-05,-0.0003,0.080379,14.471509,False
KVAL003,8,0.535177,RElbow,0.0,0.0,0.0,0.0,0.912716,14.565814,False
KVAL003,9,0.568522,RElbow,0.060952,-0.05478,-0.026235,-0.0051,0.915723,27.389212,False
KVAL003,10,0.601855,RElbow,0.061048,-0.055155,-0.02592,-0.0036,0.913445,27.471682,False
KVAL003,11,0.635188,RElbow,0.001578,-0.000375,0.000315,0.0015,0.915723,13.698364,False
KVAL003,12,0.668533,RElbow,0.0,0.0,0.0,0.0,0.023817,13.73566,False
KVAL003,13,0.701866,RElbow,3.4e-05,1.5e-05,-3e-05,0.0,0.000503,0.256899,False
KVAL003,14,0.735166,RElbow,3.4e-05,1.5e-05,-3e-05,0.0,0.012841,5.966852,False
KVAL003,15,0.7685,RElbow,0.000871,-0.00027,-0.00057,-0.0006,0.39766,6.522841,False
KVAL003,16,0.801833,RElbow,0.026502,-0.01104,0.002115,0.024,0.427126,11.70838,False
KVAL003,17,0.835166,RElbow,0.027967,-0.011115,0.002895,0.0255,0.382903,6.618413,False
KVAL003,18,0.8685,RElbow,0.000986,-0.000345,0.00021,0.0009,0.048567,11.543646,False
KVAL003,19,0.901833,RElbow,0.027316,-0.00792,0.003165,0.02595,0.388462,6.187379,False
KVAL003,20,0.935166,RElbow,0.026876,-0.007965,0.00294,0.0255,0.41636,11.874056,False
KVAL003,21,0.9685,RElbow,0.000505,-4.5e-05,-0.000225,-0.00045,0.403144,6.345238,False
KVAL003,22,1.001833,RElbow,0.0,0.0,0.0,0.0,0.007577,6.047165,False
KVAL003,23,1.035177,RElbow,0.0,0.0,0.0,0.0,0.0,14.917106,False
KVAL003,24,1.0685,RElbow,0.0,0.0,0.0,0.0,0.991668,15.509654,False
KVAL003,25,1.101844,RElbow,0.066111,-0.058635,-0.02985,-0.00645,1.033977,27.003944,False
KVAL003,26,1.135166,RElbow,0.068932,-0.05937,-0.03327,-0.01095,0.815097,28.843523,False
KVAL003,27,1.168511,RElbow,0.015582,-0.01212,-0.001935,-0.0096,0.89301,11.763052,False
KVAL003,28,1.201833,RElbow,0.012579,-0.0114,0.0015,-0.0051,0.622099,87.182988,False
KVAL003,29,1.235177,RElbow,0.033398,-0.005655,0.02547,0.02085,6.564778,166.259909,False
KVAL003,30,1.2685,RElbow,0.432801,0.168825,0.376125,0.1317,11.582464,123.232899,False
KVAL003,31,1.301833,RElbow,0.79817,0.25869,0.73317,0.1806,2.209014,352.928844,False
KVAL003,32,1.335177,RElbow,0.354611,0.044505,0.346935,0.05835,11.946364,65.755985,False
KVAL003,33,1.368511,RElbow,0.014349,-0.00843,0.002205,0.0114,4.375205,185.374629,False
KVAL003,34,1.401844,RElbow,0.077698,0.04068,0.05622,0.03495,0.426439,324.643387,False
KVAL003,35,1.435177,RElbow,0.02983,0.00561,0.026925,0.01155,17.912286,357.310933,False
KVAL003,36,1.4685,RElbow,1.246955,0.518805,1.0656,-0.3876,24.234321,424.489108,False
KVAL003,37,1.501844,RElbow,1.639497,0.64272,1.470225,-0.3366,10.805075,650.090654,False
KVAL003,38,1.535177,RElbow,0.641582,0.173835,0.61503,0.0561,19.11439,147.868211,False
KVAL003,39,1.568511,RElbow,0.373041,0.120765,0.352545,-0.01695,5.075911,273.896311,False
KVAL003,40,1.601844,RElbow,0.338252,0.151605,0.296925,-0.05715,1.710966,64.556977,False
KVAL003,41,1.635177,RElbow,0.303947,0.15327,0.25431,-0.06495,0.788503,20.116478,False
KVAL003,42,1.6685,RElbow,0.302087,0.1578,0.24711,-0.07275,0.726421,11.825783,False
KVAL003,43,1.701833,RElbow,0.257027,0.134235,0.209805,-0.06345,1.175059,39.263451,False
KVAL003,44,1.735177,RElbow,0.224836,0.12411,0.177465,-0.06045,2.033746,50.588241,False
KVAL003,45,1.768511,RElbow,0.382804,0.234195,0.274095,-0.1287,2.35596,77.258237,False
KVAL003,46,1.801833,RElbow,0.372746,0.241305,0.249075,-0.13665,3.226968,89.777133,False
KVAL003,47,1.835177,RElbow,0.170748,0.11298,0.10545,-0.0726,3.71486,26.853661,False
KVAL003,48,1.868511,RElbow,0.128289,0.08298,0.072225,-0.066,1.505618,24.533362,False
KVAL003,49,1.901844,RElbow,0.07052,0.04653,0.04158,-0.03285,2.267183,14.820126,False
KVAL003,50,1.935166,RElbow,0.022943,-0.015675,-0.013515,0.0099,0.51813,62.889016,False
KVAL003,51,1.968511,RElbow,0.036342,0.02454,0.018705,-0.0192,1.92902,15.489002,False
KVAL003,52,2.001833,RElbow,0.105664,0.073845,0.06027,-0.0456,0.514986,50.671787,False
KVAL003,53,2.035177,RElbow,0.070062,0.046305,0.04254,-0.0309,1.450226,29.358971,False
KVAL003,54,2.0685,RElbow,0.010208,0.003105,0.00828,-0.0051,1.446321,15.051889,False
KVAL003,55,2.101844,RElbow,0.026374,-0.017415,-0.015405,0.01245,0.499304,42.49864,False
KVAL003,56,2.135177,RElbow,0.023427,-0.012615,-0.018495,0.0069,1.394026,20.04226,False
KVAL003,57,2.168511,RElbow,0.066888,0.052455,0.03045,-0.0282,0.848562,38.66762,False
KVAL003,58,2.201855,RElbow,0.03417,0.025905,0.01713,-0.01425,1.184353,12.204325,False
KVAL003,59,2.235188,RElbow,0.012098,-0.00891,-0.00615,0.0054,0.097362,29.864536,False
KVAL003,60,2.268522,RElbow,0.036966,0.029235,0.020415,-0.00975,0.811921,17.077093,False
KVAL003,61,2.301866,RElbow,0.042191,0.032445,0.0243,-0.0117,1.180213,13.142237,False
KVAL003,62,2.3352,RElbow,0.115229,0.08169,0.07344,-0.0348,1.675697,23.570556,False
KVAL003,63,2.368511,RElbow,0.153661,0.108705,0.09786,-0.0471,0.391553,45.154763,False
KVAL003,64,2.401844,RElbow,0.089153,0.063555,0.0561,-0.0276,1.337681,4.524168,False
KVAL003,65,2.435177,RElbow,0.064994,0.043755,0.045405,-0.01575,0.64005,8.516693,False
KVAL003,66,2.468511,RElbow,0.049827,0.02898,0.039555,-0.00885,0.781385,6.718853,False
KVAL003,67,2.501844,RElbow,0.014115,0.005235,0.012795,-0.00285,0.918787,6.216941,False
KVAL003,68,2.535177,RElbow,0.012424,-0.01068,-0.005595,0.003,0.37758,9.800199,False
KVAL003,69,2.5685,RElbow,0.012415,-0.010245,-0.005925,0.00375,0.27523,1.701633,False
KVAL003,70,2.601833,RElbow,0.02968,-0.019425,-0.020685,0.0087,0.2722,8.213563,False
KVAL003,71,2.635166,RElbow,0.029755,-0.01944,-0.020715,0.00885,0.275919,9.259865,False
KVAL003,72,2.6685,RElbow,0.011353,-0.00747,-0.008205,0.0024,0.353483,10.126195,False
KVAL003,73,2.701833,RElbow,0.007289,-0.00162,-0.00651,0.00285,0.947044,2.778068,False
KVAL003,74,2.735177,RElbow,0.051798,0.03621,0.035475,-0.01065,0.184583,35.078861,False
KVAL003,75,2.768511,RElbow,0.005928,0.004905,0.003105,-0.0012,1.391997,5.614593,False
KVAL003,76,2.801844,RElbow,0.041139,-0.025635,-0.030255,0.01095,0.55444,39.554596,False
KVAL003,77,2.835188,RElbow,0.042396,0.024255,0.03405,-0.00705,1.249162,3.579571,False
KVAL003,78,2.868522,RElbow,0.042257,0.022665,0.033585,-0.012,0.759965,5.635916,False
KVAL003,79,2.901855,RElbow,0.092841,0.056205,0.07098,-0.02055,0.953728,31.401108,False
KVAL003,80,2.9352,RElbow,0.105018,0.067035,0.0786,-0.0189,1.33526,45.047423,False
KVAL003,81,2.968533,RElbow,0.004577,0.004155,0.001365,-0.00135,2.051482,9.702406,False
KVAL003,82,3.001844,RElbow,0.03186,-0.02193,-0.022875,0.0033,0.725599,51.307214,False
KVAL003,83,3.035177,RElbow,0.044225,-0.031935,-0.03003,0.00585,1.369841,17.238356,False
KVAL003,84,3.0685,RElbow,0.059707,0.03864,0.042975,-0.015,0.507888,77.143582,False
KVAL003,85,3.101844,RElbow,0.029308,-0.01815,-0.004065,0.02265,3.799773,23.260944,False
KVAL003,86,3.135166,RElbow,0.195051,-0.13806,-0.10887,0.08445,1.207104,100.387452,False
KVAL003,87,3.168511,RElbow,0.105656,-0.076365,-0.05121,0.05205,2.906251,44.880222,False
KVAL003,88,3.201844,RElbow,0.014123,0.004605,-0.01257,-0.0045,1.821538,43.268765,False
KVAL003,89,3.235177,RElbow,0.02457,0.01599,-0.010455,-0.01545,0.154179,30.624494,False
KVAL003,90,3.268511,RElbow,0.004211,0.001635,-0.002925,-0.00255,0.265855,16.993275,False
KVAL003,91,3.301844,RElbow,0.008357,0.001785,-0.00537,-0.00615,1.155294,17.405286,False
KVAL003,92,3.335166,RElbow,0.076089,-0.074145,-0.00627,-0.0159,1.346325,29.401371,False
KVAL003,93,3.3685,RElbow,0.088832,-0.087375,-0.001995,-0.0159,0.812465,38.598511,False
KVAL003,94,3.401833,RElbow,0.023696,-0.02343,-0.002295,0.0027,1.246945,7.480877,False
KVAL003,95,3.435177,RElbow,0.016283,-0.00945,-0.002355,0.01305,0.73322,17.008837,False
KVAL003,96,3.4685,RElbow,0.026061,0.022575,0.006555,-0.01125,0.633375,16.990271,False
KVAL003,97,3.501833,RElbow,0.026363,0.0204,0.00555,-0.01575,0.407948,20.456161,False
KVAL003,98,3.535177,RElbow,0.002559,1.5e-05,0.00021,0.00255,0.734482,11.096762,False
KVAL003,99,3.568511,RElbow,0.02266,-0.01872,-0.005115,0.0117,1.10478,9.528589,False
KVAL003,100,3.601833,RElbow,0.074028,-0.069195,-0.02202,0.0144,0.399774,40.611994,False
KVAL003,101,3.635177,RElbow,0.043421,-0.04065,-0.015255,0.00045,1.606833,21.334557,False
KVAL003,102,3.6685,RElbow,0.033833,0.02865,0.01059,-0.01455,1.079988,29.432318,False
KVAL003,103,3.701844,RElbow,0.030344,0.025305,0.01011,-0.01335,0.360418,22.478155,False
KVAL003,104,3.735166,RElbow,0.009827,0.008565,0.00261,-0.00405,0.429725,3.04122,False
KVAL003,105,3.768511,RElbow,0.001765,0.00165,0.00018,-0.0006,0.161218,8.845131,False
KVAL003,106,3.801833,RElbow,0.00148,-0.0012,-0.000435,-0.00075,0.161487,10.54341,False
KVAL003,107,3.835177,RElbow,0.012516,0.01113,0.00228,-0.00525,0.543315,7.017226,False
KVAL003,108,3.8685,RElbow,0.03543,0.030705,0.006345,-0.0165,0.628144,2.945236,False
KVAL003,109,3.901833,RElbow,0.054319,0.04587,0.013155,-0.02595,0.700455,3.616948,False
KVAL003,110,3.935166,RElbow,0.08165,0.07197,0.022245,-0.0315,0.493562,16.991303,False
KVAL003,111,3.968511,RElbow,0.08606,0.07767,0.01953,-0.0315,0.440643,22.715238,False
KVAL003,112,4.001833,RElbow,0.054415,0.04971,0.006015,-0.0213,1.032243,4.982511,False
KVAL003,113,4.035177,RElbow,0.017792,0.01734,0.00171,-0.0036,0.177662,21.525538,False
KVAL003,114,4.0685,RElbow,0.043502,0.04053,0.007425,-0.01395,0.405655,2.315639,False
KVAL003,115,4.101833,RElbow,0.044197,0.040125,0.006375,-0.0174,0.282883,2.398618,False
KVAL003,116,4.135166,RElbow,0.02471,0.022695,0.00381,-0.009,0.515359,2207.98475,False
KVAL003,117,4.1685,RElbow,0.077939,0.069795,0.0036,-0.0345,147.397136,2261.360561,False
KVAL003,118,4.201844,RElbow,9.808682,-4.3299,-6.81159,5.57355,150.438384,4266.452222,False
KVAL003,119,4.235177,RElbow,9.975945,-4.34148,-6.80073,5.86695,141.472046,4377.0891,False
KVAL003,120,4.268522,RElbow,3.397624,2.383485,-2.31528,0.70875,145.238124,2173.594019,False
KVAL003,121,4.301855,RElbow,3.238902,2.28453,-2.24703,0.47145,216.97431,1922.956532,False
KVAL003,122,4.335188,RElbow,12.734228,3.504045,8.61864,-8.6949,207.905383,6158.953097,False
KVAL003,123,4.368533,RElbow,12.416265,3.89652,8.31804,-8.3541,195.448054,5861.897967,False
KVAL003,124,4.401866,RElbow,0.526801,0.33582,-0.215025,0.34425,185.360392,3006.192498,False
KVAL003,125,4.435166,RElbow,0.086927,-0.03582,0.03234,-0.0723,8.154175,2766.019981,False
KVAL003,126,4.4685,RElbow,0.021671,-0.00042,0.01488,-0.01575,2.0994,46.02751,False
KVAL003,127,4.501833,RElbow,0.06208,0.056265,-0.01215,0.02325,5.332957,65.790534,False
KVAL003,128,4.535177,RElbow,0.370504,-0.265845,0.15591,-0.20565,6.319853,412.19988,False
KVAL003,129,4.568511,RElbow,0.475295,0.303,-0.266685,0.25095,22.162684,56.925079,False
KVAL003,130,4.601844,RElbow,1.108011,0.78579,-0.543135,0.56145,5.582466,408.911741,False
KVAL003,131,4.635166,RElbow,0.813229,0.65661,-0.367425,0.30855,5.509485,190.074693,False
KVAL003,132,4.668511,RElbow,0.790054,0.655425,-0.331545,0.291,7.328734,112.649444,False
KVAL003,133,4.701833,RElbow,0.330219,0.28446,-0.10608,0.1299,11.283233,31.424405,False
KVAL003,134,4.735166,RElbow,0.038979,0.036225,-0.01263,0.0069,5.881585,121.186764,False
KVAL003,135,4.7685,RElbow,0.062855,-0.05661,0.023745,-0.0135,3.430796,61.540867,False
KVAL003,136,4.801844,RElbow,0.190347,-0.18159,0.028665,-0.04935,1.981712,80.777783,False
KVAL003,137,4.835166,RElbow,0.190279,-0.175635,0.019155,-0.07065,1.960309,62.527673,False
KVAL003,138,4.8685,RElbow,0.061937,-0.05403,0.00888,-0.02895,2.203236,10.919506,False
KVAL003,139,4.901833,RElbow,0.044258,-0.037365,0.004695,-0.02325,1.331258,4.747958,False
KVAL003,140,4.935177,RElbow,0.02811,0.02781,-0.0006,0.00405,2.015714,8.851807,False
KVAL003,141,4.9685,RElbow,0.090825,0.084675,0.00054,0.03285,0.913521,113.060117,False
KVAL003,142,5.001833,RElbow,0.086538,0.07689,0.011685,0.03795,5.61533,109.162687,False
KVAL003,143,5.035166,RElbow,0.28997,-0.23262,-0.11856,-0.12615,6.375969,161.560035,False
KVAL003,144,5.068511,RElbow,0.342225,-0.255765,-0.143475,-0.1764,5.17655,216.749514,False
KVAL003,145,5.101844,RElbow,0.057364,0.04728,0.031125,0.0093,8.103621,60.916802,False
KVAL003,146,5.135177,RElbow,0.200189,0.122505,0.100065,0.1227,1.58188,161.125193,False
KVAL003,147,5.1685,RElbow,0.148834,0.08166,0.07674,0.09795,2.662149,53.924633,False
KVAL003,148,5.201833,RElbow,0.023869,0.019275,0.010155,0.00975,2.041858,49.927097,False
KVAL003,149,5.235177,RElbow,0.014358,0.01092,0.008535,0.00375,0.752607,8.666133,False
KVAL003,150,5.268511,RElbow,0.068631,0.025155,0.049245,0.04065,1.922362,38.057931,False
KVAL003,151,5.301844,RElbow,0.114317,-0.081375,-0.05451,-0.05895,1.917623,77.126667,False
KVAL003,152,5.335188,RElbow,0.072703,-0.0684,-0.023565,-0.0072,3.250346,95.22158,False
KVAL003,153,5.368511,RElbow,0.107844,0.03696,0.07305,0.0702,4.447674,19.347169,False
KVAL003,154,5.401855,RElbow,0.235343,0.142695,0.120075,0.14355,2.573397,84.189617,False
KVAL003,155,5.435177,RElbow,0.268366,0.1626,0.117585,0.1782,1.32005,67.526919,False
KVAL003,156,5.468522,RElbow,0.163862,0.113415,0.044325,0.10965,2.008501,25.000419,False
KVAL003,157,5.501833,RElbow,0.137838,0.092475,0.04107,0.0936,2.245698,11.588242,False
KVAL003,158,5.535166,RElbow,0.017258,0.0084,0.01299,0.00765,2.171789,46.201335,False
KVAL003,159,5.5685,RElbow,0.01111,-0.00312,0.005475,-0.00915,0.86626,48.499608,False
KVAL003,160,5.601844,RElbow,0.069254,0.044625,0.00801,0.05235,1.087012,29.748666,False
KVAL003,161,5.635177,RElbow,0.063851,0.04569,0.004245,0.0444,1.132062,44.965018,False
KVAL003,162,5.668511,RElbow,0.009083,0.00117,-0.003615,-0.00825,1.965309,8.734699,False
KVAL003,163,5.701844,RElbow,0.0771,-0.00405,-0.019815,-0.0744,1.002223,24.770769,False
KVAL003,164,5.735177,RElbow,0.075604,-0.003885,-0.019095,-0.07305,0.314437,10.354186,False
KVAL003,165,5.7685,RElbow,0.097374,-0.010995,-0.02391,-0.09375,0.326792,26.855989,False
KVAL003,166,5.801844,RElbow,0.096753,-0.010845,-0.023805,-0.09315,1.482595,17.262754,False
KVAL003,167,5.835177,RElbow,0.001487,0.00036,0.00051,0.00135,0.826549,42.022735,False
KVAL003,168,5.868511,RElbow,0.043796,0.002055,-0.01794,-0.0399,1.333547,16.739448,False
KVAL003,169,5.901833,RElbow,0.087465,0.00084,-0.03546,-0.07995,0.295078,52.337777,False
KVAL003,170,5.935177,RElbow,0.062742,-0.00321,-0.024315,-0.05775,2.162025,75.874635,False
KVAL003,171,5.9685,RElbow,0.058481,0.01674,0.0165,0.05355,4.768232,28.072746,False
KVAL003,172,6.001833,RElbow,0.26149,0.12669,0.038715,0.22545,3.112887,116.996178,False
KVAL003,173,6.035166,RElbow,0.261628,0.144075,0.021225,0.21735,3.037661,117.002907,False
KVAL003,174,6.068511,RElbow,0.059068,0.030885,0.007425,0.0498,4.703679,40.181322,False
KVAL003,175,6.101844,RElbow,0.053037,-0.01965,-0.00969,-0.0483,5.702661,26.357308,False
KVAL003,176,6.135188,RElbow,0.321227,-0.167205,-0.06213,-0.26715,4.807221,117.655009,False
KVAL003,177,6.168511,RElbow,0.368304,-0.252705,-0.10617,-0.246,2.665443,107.135023,False
KVAL003,178,6.201855,RElbow,0.230626,-0.16245,-0.12792,-0.10215,2.663059,23.589983,False
KVAL003,179,6.235166,RElbow,0.239314,-0.17025,-0.14043,-0.09255,1.301739,33.803754,False
KVAL003,180,6.2685,RElbow,0.20563,-0.163155,-0.1242,-0.01545,2.816062,59.488605,False
KVAL003,181,6.301833,RElbow,0.06284,-0.024585,-0.05724,-0.00825,3.895355,32.430095,False
KVAL003,182,6.335166,RElbow,0.06509,0.064245,-0.00147,0.01035,1.005998,79.80568,False
KVAL003,183,6.368511,RElbow,0.017401,-0.007635,0.003225,0.0153,1.589394,17.401486,False
KVAL003,184,6.401844,RElbow,0.042305,-0.041565,0.003195,0.0072,0.244875,85.391221,False
KVAL003,185,6.435166,RElbow,0.003929,-0.001455,-0.003255,0.00165,7.021627,236.262432,False
KVAL003,186,6.468511,RElbow,0.505611,-0.43881,0.25068,0.01575,15.581621,113.008705,False
KVAL003,187,6.501844,RElbow,1.037773,-0.714345,0.7299,0.1842,4.85318,389.980519,False
KVAL003,188,6.535188,RElbow,0.654455,-0.351105,0.53133,0.15075,10.74814,150.765086,False
KVAL003,189,6.568511,RElbow,0.422365,-0.12177,0.401445,-0.04905,6.879943,117.622797,False
KVAL003,190,6.601844,RElbow,0.366113,-0.05034,0.33639,-0.13545,7.420261,111.29911,False
KVAL003,191,6.635166,RElbow,0.17493,-0.0171,-0.069195,-0.15975,6.04475,136.864367,False
KVAL003,192,6.668511,RElbow,0.087333,-0.022365,-0.05862,-0.06075,2.513926,628.019018,False
KVAL003,193,6.701833,RElbow,0.016356,-0.014955,-0.0015,-0.00645,41.461849,841.515427,False
KVAL003,194,6.735177,RElbow,2.748773,-2.3361,0.04761,1.4478,57.714065,1243.567729,True
KVAL003,195,6.7685,RElbow,3.849018,-1.66998,-1.14354,3.2739,47.833163,1789.052056,True
KVAL003,196,6.801844,RElbow,2.226948,0.583425,-1.188405,1.7907,61.628685,1127.25322,True
KVAL003,197,6.835166,RElbow,0.3907,-0.151545,0.19965,-0.2997,37.83165,965.431748,True
KVAL003,198,6.868511,RElbow,0.392244,0.00141,0.38016,-0.0966,5.613187,592.208344,True
KVAL003,199,6.901833,RElbow,0.280675,0.046875,0.276615,0.0081,4.542735,135.501566,True
KVAL003,200,6.935166,RElbow,0.219343,-0.051015,0.0969,-0.19005,4.457127,94.349788,True
KVAL003,201,6.968511,RElbow,0.117397,-0.10206,0.02652,-0.0516,3.621866,64.706429,True
KVAL003,202,7.001844,RElbow,0.196036,-0.170175,0.09525,0.01995,1.642441,78.665148,True
KVAL003,203,7.035166,RElbow,0.179879,-0.17691,0.01701,0.02775,2.647275,61.555139,True
KVAL003,204,7.0685,RElbow,0.105409,-0.087585,-0.057315,-0.01245,2.697456,48.315919,True
KVAL003,205,7.101844,RElbow,0.000301,0.0,3e-05,0.0003,1.581653,42.472712,True
KVAL003,206,7.135177,RElbow,0.000153,0.0,3e-05,0.00015,0.28675,27.732462,True
KVAL003,207,7.1685,RElbow,0.018896,-0.011115,-0.00795,-0.01305,0.860717,62.681833,True
KVAL003,208,7.201833,RElbow,0.057527,-0.016155,0.005865,0.0549,4.044923,45.376261,True
KVAL003,209,7.235177,RElbow,0.262013,-0.12747,0.18057,0.1407,2.675281,142.190413,True
KVAL003,210,7.268511,RElbow,0.171838,-0.116535,0.120495,-0.0378,5.463127,77.69526,True
KVAL003,211,7.301844,RElbow,0.120436,0.005955,-0.04635,-0.111,2.577119,106.824569,True
KVAL003,212,7.335188,RElbow,0.000916,0.00012,-0.00012,-0.0009,1.802259,38.651137,True
KVAL003,213,7.368511,RElbow,0.000306,6e-05,-1.5e-05,-0.0003,0.013738,26.969748,True
KVAL003,214,7.401844,RElbow,0.0,0.0,0.0,0.0,0.004595,0.206069,True
KVAL003,215,7.435188,RElbow,0.0,0.0,0.0,0.0,0.0,0.068919,True
KVAL003,216,7.468522,RElbow,0.0,0.0,0.0,0.0,0.0,0.0,False
KVAL003,217,7.501855,RElbow,0.0,0.0,0.0,0.0,0.0,0.0,True
KVAL003,218,7.5352,RElbow,0.0,0.0,0.0,0.0,0.0,0.0,True
KVAL003,219,7.568533,RElbow,0.0,0.0,0.0,0.0,0.0,0.0,True
KVAL003,220,7.601833,RElbow,0.0,0.0,0.0,0.0,0.0,0.0,True
KVAL003,221,7.635166,RElbow,0.0,0.0,0.0,0.0,0.0,0.0,False
KVAL003,222,7.668511,RElbow,0.0,0.0,0.0,0.0,0.0,0.0,False
KVAL003,223,7.701844,RElbow,0.0,0.0,0.0,0.0,0.0,13.371976,True
KVAL003,224,7.735188,RElbow,0.0,0.0,0.0,0.0,0.891465,13.354205,True
KVAL003,225,7.768522,RElbow,0.059431,-0.029355,0.031125,-0.04125,0.89028,22.574587,False
KVAL003,226,7.801855,RElbow,0.059352,-0.02931,0.031215,-0.0411,0.759839,22.563086,False
KVAL003,227,7.8352,RElbow,0.046149,0.020055,0.02829,-0.03045,0.759834,16.837363,False
KVAL003,228,7.868533,RElbow,0.046056,0.020115,0.028095,-0.03045,0.659642,16.472512,False
KVAL003,229,7.901833,RElbow,0.002667,0.000885,0.002475,-0.00045,0.623153,10.990103,True
KVAL003,230,7.935166,RElbow,0.005523,0.00156,0.00516,-0.0012,0.08605,20.831377,False
KVAL003,0,0.0,RWrist,0.079387,-0.06237,-0.04647,-0.0159,2.571963,24.706764,True
KVAL003,1,0.301866,RWrist,0.042779,-0.02814,0.020985,0.02445,1.827089,38.343106,True
KVAL003,2,0.3352,RWrist,0.054904,0.003045,0.04422,0.0324,0.377223,34.412583,True
KVAL003,3,0.3685,RWrist,0.027187,-0.00426,0.01317,0.0234,0.497147,10.002278,True
KVAL003,4,0.401844,RWrist,0.027187,-0.00426,0.01317,0.0234,0.746908,9.054078,True
KVAL003,5,0.435166,RWrist,0.023152,0.010125,-0.00993,-0.0183,0.751111,16.306031,True
KVAL003,6,0.4685,RWrist,0.023409,0.01008,-0.01002,-0.0186,0.343449,16.490521,True
KVAL003,7,0.501844,RWrist,0.000316,-4.5e-05,-9e-05,-0.0003,0.35113,6.397337,True
KVAL003,8,0.535177,RWrist,0.0,0.0,0.0,0.0,0.523032,6.430526,True
KVAL003,9,0.568522,RWrist,0.034787,-0.011295,0.03288,0.0012,0.517876,15.731219,True
KVAL003,10,0.601855,RWrist,0.034525,-0.0111,0.03267,0.0012,0.52573,15.539465,True
KVAL003,11,0.635188,RWrist,0.000287,0.000195,-0.00021,0.0,0.518089,7.935308,True
KVAL003,12,0.668533,RWrist,1.5e-05,0.0,-1.5e-05,0.0,0.004299,7.768063,True
KVAL003,13,0.701866,RWrist,0.000156,3e-05,-3e-05,-0.00015,0.002295,0.209685,True
KVAL003,14,0.735166,RWrist,0.000154,3e-05,-1.5e-05,-0.00015,0.011745,2.069492,True
KVAL003,15,0.7685,RWrist,0.000909,0.000375,-0.00057,-0.0006,0.139509,1.619061,True
KVAL003,16,0.801833,RWrist,0.009415,0.00288,-0.00666,-0.006,0.119492,4.132694,True
KVAL003,17,0.835166,RWrist,0.008865,0.00264,-0.006255,-0.0057,0.136005,2.197822,True
KVAL003,18,0.8685,RWrist,0.000368,0.000135,-0.000165,-0.0003,0.036095,3.72385,True
KVAL003,19,0.901833,RWrist,0.007456,0.00255,-0.003855,-0.00585,0.114268,1.382473,True
KVAL003,20,0.935166,RWrist,0.007985,0.002655,-0.004125,-0.0063,0.103912,3.510561,True
KVAL003,21,0.9685,RWrist,0.000535,0.000105,-0.00027,-0.00045,0.11977,1.440129,True
KVAL003,22,1.001833,RWrist,0.0,0.0,0.0,0.0,0.008028,1.796546,True
KVAL003,23,1.035177,RWrist,0.0,0.0,0.0,0.0,0.0,10.809077,True
KVAL003,24,1.0685,RWrist,0.0,0.0,0.0,0.0,0.719608,11.091238,True
KVAL003,25,1.101844,RWrist,0.047974,0.007185,-0.04275,0.02055,0.739416,22.543824,True
KVAL003,26,1.135166,RWrist,0.049294,0.00717,-0.04584,0.01665,0.842418,22.529775,True
KVAL003,27,1.168511,RWrist,0.029532,-0.00351,-0.013365,-0.0261,0.806152,10.992694,True
KVAL003,28,1.201833,RWrist,0.0247,-0.003465,-0.01026,-0.0222,1.418521,14.02998,True
KVAL003,29,1.235177,RWrist,0.108247,0.01503,0.0474,-0.09615,1.549976,47.863781,True
KVAL003,30,1.2685,RWrist,0.11957,0.01893,0.03285,-0.1134,4.104564,42.163064,True
KVAL003,31,1.301833,RWrist,0.373301,0.03549,0.043965,-0.369,2.59948,78.728483,True
KVAL003,32,1.335177,RWrist,0.219868,0.191895,0.02946,-0.1032,1.247451,192.396964,True
KVAL003,33,1.368511,RWrist,0.303599,0.06717,0.047745,-0.2922,11.243943,39.844918,True
KVAL003,34,1.401844,RWrist,0.781504,-0.170535,0.12474,-0.7524,2.502861,436.265711,True
KVAL003,35,1.435177,RWrist,0.229225,-0.07812,0.04773,-0.21015,18.444168,130.431026,True
KVAL003,36,1.4685,RWrist,0.466355,-0.06048,-0.099885,0.4515,9.472373,413.220586,True
KVAL003,37,1.501844,RWrist,0.417197,-0.042765,-0.093195,0.4044,9.271954,286.989804,True
KVAL003,38,1.535177,RWrist,0.161536,0.02154,-0.0303,-0.1572,9.781968,134.160946,True
KVAL003,39,1.568511,RWrist,0.275188,-0.078525,-0.09315,-0.24675,1.356801,197.831299,True
KVAL003,40,1.601844,RWrist,0.209424,-0.05919,-0.03726,-0.1974,4.087765,57.649706,True
KVAL003,41,1.635177,RWrist,0.075365,0.0126,0.0615,-0.0417,2.976212,80.233145,True
KVAL003,42,1.6685,RWrist,0.056849,-0.04539,0.032055,-0.012,1.492339,58.765066,True
KVAL003,43,1.701833,RWrist,0.076172,-0.00228,-0.033135,-0.06855,1.804343,14.698415,True
KVAL003,44,1.735177,RWrist,0.070871,0.051645,-0.036,-0.03255,1.224239,30.839211,True
KVAL003,45,1.768511,RWrist,0.139791,0.04116,-0.098865,-0.08985,1.136783,46.922446,True
KVAL003,46,1.801833,RWrist,0.11751,0.018105,-0.078225,-0.0858,1.908374,44.265259,True
KVAL003,47,1.835177,RWrist,0.060887,-0.014805,0.010875,-0.05805,1.996374,30.282854,True
KVAL003,48,1.868511,RWrist,0.020143,-0.0144,0.012945,0.00555,1.241003,44.893187,True
KVAL003,49,1.901844,RWrist,0.028857,-3e-05,0.017295,0.0231,1.001055,14.448559,True
KVAL003,50,1.935166,RWrist,0.053179,0.000195,-0.02736,-0.0456,0.61251,39.118646,True
KVAL003,51,1.968511,RWrist,0.052749,0.010095,-0.01119,0.05055,1.894813,29.012282,True
KVAL003,52,2.001833,RWrist,0.092737,0.080985,0.00984,0.0441,1.586185,55.989237,True
KVAL003,53,2.035177,RWrist,0.075055,0.05886,-0.01776,-0.04305,1.860065,38.450015,True
KVAL003,54,2.0685,RWrist,0.03999,-0.01065,-0.003345,-0.0384,1.050847,50.586556,True
KVAL003,55,2.101844,RWrist,0.067528,0.053775,-0.032025,0.02535,1.561877,22.175121,True
KVAL003,56,2.135177,RWrist,0.077356,0.067485,-0.02736,0.0261,0.829421,48.566314,True
KVAL003,57,2.168511,RWrist,0.02396,0.014805,0.00645,0.0177,1.822363,22.755796,True
KVAL003,58,2.201855,RWrist,0.069116,-0.0477,-0.049725,-0.0054,1.556922,39.633117,True
KVAL003,59,2.235188,RWrist,0.081031,-0.06228,-0.03579,-0.0375,1.42153,41.233251,True
KVAL003,60,2.268522,RWrist,0.059714,-0.02049,0.03114,-0.04665,1.285281,33.656962,True
KVAL003,61,2.301866,RWrist,0.040918,-0.02433,0.032775,-0.00285,1.015163,28.8203,True
KVAL003,62,2.3352,RWrist,0.057473,-0.05388,0.017025,0.0105,0.865697,35.152861,True
KVAL003,63,2.368511,RWrist,0.073031,-0.034755,0.025155,-0.0591,1.332229,26.872481,True
KVAL003,64,2.401844,RWrist,0.070454,-0.002535,0.03918,-0.0585,1.052645,37.316188,True
KVAL003,65,2.435177,RWrist,0.010862,-0.00015,-0.00771,-0.00765,1.339541,16.589155,True
KVAL003,66,2.468511,RWrist,0.019855,0.00204,-0.01602,0.01155,0.262189,34.548182,True
KVAL003,67,2.501844,RWrist,0.007785,-0.00402,0.006375,0.00195,1.047359,8.858104,True
KVAL003,68,2.535177,RWrist,0.051018,0.00282,0.049035,-0.0138,0.682167,29.677533,True
KVAL003,69,2.5685,RWrist,0.050433,0.00339,0.04839,-0.0138,1.070621,25.038307,True
KVAL003,70,2.601833,RWrist,0.042725,-0.033,-0.011775,-0.02445,1.065575,21.585082,True
KVAL003,71,2.635166,RWrist,0.042489,-0.03291,-0.01179,-0.02415,0.51319,18.44248,True
KVAL003,72,2.6685,RWrist,0.010463,-0.004905,-0.0075,-0.0054,0.208817,21.86135,True
KVAL003,73,2.701833,RWrist,0.028729,-0.023235,-0.00684,-0.01545,1.017826,3.098634,True
KVAL003,74,2.735177,RWrist,0.070758,-0.056625,0.02667,-0.033,0.244227,37.720636,True
KVAL003,75,2.768511,RWrist,0.023112,-0.012855,0.00534,-0.01845,1.497418,12.704987,True
KVAL003,76,2.801844,RWrist,0.030684,0.02196,-0.02034,0.00675,0.694894,36.015154,True
KVAL003,77,2.835188,RWrist,0.04527,-0.040845,0.006375,0.01845,1.007237,25.941412,True
KVAL003,78,2.868522,RWrist,0.042975,-0.03843,0.00678,0.018,1.034792,29.905991,True
KVAL003,79,2.901855,RWrist,0.036234,0.002085,0.00669,-0.03555,1.096639,29.531623,True
KVAL003,80,2.9352,RWrist,0.037736,0.008655,-0.01032,-0.03525,1.122479,32.972938,True
KVAL003,81,2.968533,RWrist,0.041206,0.007605,-0.024495,0.03225,1.161748,24.5837,True
KVAL003,82,3.001844,RWrist,0.04521,-0.02118,-0.01761,0.03585,0.71147,33.411867,True
KVAL003,83,3.035177,RWrist,0.035227,-0.03183,-0.005385,0.0141,1.203199,45.469421,True
KVAL003,84,3.0685,RWrist,0.056932,0.0459,-0.03327,-0.00525,2.596085,18.73685,True
KVAL003,85,3.101844,RWrist,0.140832,0.10845,-0.034155,-0.0831,0.55885,73.65465,True
KVAL003,86,3.135166,RWrist,0.070806,0.031245,-0.055095,-0.03165,2.744923,13.074404,True
KVAL003,87,3.168511,RWrist,0.144131,-0.01071,-0.143715,0.00225,1.156055,57.471595,True
KVAL003,88,3.201844,RWrist,0.14119,0.029505,-0.131385,-0.04245,1.358953,47.606548,True
KVAL003,89,3.235177,RWrist,0.058145,0.01209,-0.05625,0.0084,2.087816,14.320404,True
KVAL003,90,3.268511,RWrist,0.024023,-0.004875,-0.01197,0.02025,1.167245,21.354877,True
KVAL003,91,3.301844,RWrist,0.052018,-0.010485,0.00504,0.0507,1.257814,22.570759,True
KVAL003,92,3.335166,RWrist,0.100957,-0.01617,0.016665,0.09825,0.466201,37.99742,True
KVAL003,93,3.3685,RWrist,0.059723,0.0123,-0.015315,0.0564,1.323577,7.706874,True
KVAL003,94,3.401833,RWrist,0.047899,0.022005,-0.02775,0.03225,0.303249,25.203667,True
KVAL003,95,3.435177,RWrist,0.045852,0.019575,-0.01737,0.03765,0.482809,11.914077,True
KVAL003,96,3.4685,RWrist,0.035472,-0.00543,-0.01095,0.0333,0.710058,10.385741,True
KVAL003,97,3.501833,RWrist,0.031809,-0.02082,0.00309,0.02385,0.496378,17.338367,True
KVAL003,98,3.535177,RWrist,0.002416,-0.00057,-0.00105,0.0021,0.610717,9.33557,True
KVAL003,99,3.568511,RWrist,0.011406,0.01137,0.000105,-0.0009,0.8416,10.476444,True
KVAL003,100,3.601833,RWrist,0.054235,0.04005,0.02883,-0.0225,0.434976,24.579485,True
KVAL003,101,3.635177,RWrist,0.029066,0.004155,0.02115,-0.0195,0.825418,14.511329,True
KVAL003,102,3.6685,RWrist,0.018855,-0.01071,0.010995,-0.01095,0.537332,16.236178,True
KVAL003,103,3.701844,RWrist,0.0201,0.0198,-0.00249,0.0024,0.632901,13.301868,True
KVAL003,104,3.735166,RWrist,0.024104,0.008865,-0.020325,0.00945,0.456286,15.698031,True
KVAL003,105,3.768511,RWrist,0.010334,-0.010125,0.00186,-0.0009,0.47036,12.718057,True
KVAL003,106,3.801833,RWrist,0.020537,-0.018405,-0.00495,0.00765,0.529059,17.310937,True
KVAL003,107,3.835177,RWrist,0.031286,0.00708,-0.016455,-0.02565,0.798978,20.692006,True
KVAL003,108,3.8685,RWrist,0.038194,0.03006,0.01407,0.0189,1.131322,13.208892,True
KVAL003,109,3.901833,RWrist,0.067178,0.048255,0.04521,-0.01185,0.825505,30.943702,True
KVAL003,110,3.935166,RWrist,0.070551,0.065565,0.012045,-0.0231,1.186072,22.719509,True
KVAL003,111,3.968511,RWrist,0.070166,0.062535,-0.02721,0.0165,0.931126,25.877098,True
KVAL003,112,4.001833,RWrist,0.057564,0.040545,-0.0408,-0.00225,0.782239,18.044931,True
KVAL003,113,4.035177,RWrist,0.033897,0.0231,-0.018525,-0.0165,0.667693,31.636614,True
KVAL003,114,4.0685,RWrist,0.092982,0.079095,-0.04476,0.01965,1.356321,34.047821,True
KVAL003,115,4.101833,RWrist,0.10087,0.06873,-0.04869,0.0555,2.642041,37.938747,True
KVAL003,116,4.135166,RWrist,0.264249,0.1893,-0.181635,0.03165,3.143907,219.187212,True
KVAL003,117,4.1685,RWrist,0.299524,0.21096,-0.20232,0.0654,13.928183,211.526753,True
KVAL003,118,4.201844,RWrist,0.955308,0.79608,0.51723,0.1065,13.22813,421.737796,True
KVAL003,119,4.235177,RWrist,0.898246,0.748785,0.495465,0.0261,14.324642,382.092749,True
KVAL003,120,4.268522,RWrist,0.180608,0.1008,-0.10002,-0.1116,12.41718,235.217403,True
KVAL003,121,4.301855,RWrist,0.151481,0.13284,-0.052245,-0.0507,15.136662,83.300958,True
KVAL003,122,4.335188,RWrist,0.868803,-0.68415,-0.118155,0.5223,12.794672,531.155035,True
KVAL003,123,4.368533,RWrist,0.753051,-0.68253,-0.28812,-0.135,20.96261,329.156905,True
KVAL003,124,4.401866,RWrist,0.733754,-0.00654,-0.238005,-0.69405,9.457467,419.115617,True
KVAL003,125,4.435166,RWrist,0.344463,-0.05286,-0.31773,-0.1221,7.872886,137.425185,True
KVAL003,126,4.4685,RWrist,0.300526,0.016935,-0.24738,-0.1698,5.012022,139.538269,True
KVAL003,127,4.501833,RWrist,0.130699,0.0696,-0.007065,-0.1104,4.830874,43.569989,True
KVAL003,128,4.535177,RWrist,0.208389,0.096615,0.06465,-0.17295,2.396305,80.416309,True
KVAL003,129,4.568511,RWrist,0.232124,0.096975,0.144195,-0.1539,3.957531,79.279832,True
KVAL003,130,4.601844,RWrist,0.181899,-0.04323,0.17538,0.02145,3.799709,94.793612,True
KVAL003,131,4.635166,RWrist,0.144077,-0.08847,0.11262,0.01575,3.173121,86.986636,True
KVAL003,132,4.668511,RWrist,0.056254,0.043485,-0.017325,0.0312,2.638836,74.889803,True
KVAL003,133,4.701833,RWrist,0.072567,0.06603,0.02877,0.00885,1.954139,45.467941,True
KVAL003,134,4.735166,RWrist,0.104864,0.0249,0.098775,-0.0249,0.500556,57.024282,True
KVAL003,135,4.7685,RWrist,0.064492,0.045195,0.044415,-0.012,1.85881,20.86013,True
KVAL003,136,4.801844,RWrist,0.048155,0.043155,-0.018525,0.01065,1.047968,38.557005,True
KVAL003,137,4.835166,RWrist,0.043697,0.03684,-0.021645,0.00915,0.949959,27.767739,True
KVAL003,138,4.8685,RWrist,0.039715,0.00987,0.004095,-0.03825,1.008647,15.847957,True
KVAL003,139,4.901833,RWrist,0.04351,0.006495,0.009975,-0.04185,0.147827,11.917504,True
KVAL003,140,4.935177,RWrist,0.030441,0.00924,0.005385,-0.0285,0.649998,13.150587,True
KVAL003,141,4.9685,RWrist,0.072274,-0.024945,-0.00498,-0.06765,0.761611,32.372931,True
KVAL003,142,5.001833,RWrist,0.071556,-0.02241,0.000915,-0.06795,1.937677,34.053206,True
KVAL003,143,5.035166,RWrist,0.13686,0.05604,-0.105615,-0.0666,2.035093,68.37811,True
KVAL003,144,5.068511,RWrist,0.153719,0.058815,-0.10383,-0.0969,2.651255,73.784535,True
KVAL003,145,5.101844,RWrist,0.107447,-0.025965,0.04887,-0.0921,2.91137,36.620482,True
KVAL003,146,5.135177,RWrist,0.114427,-0.037365,0.064455,-0.08685,0.821391,66.312555,True
KVAL003,147,5.1685,RWrist,0.158791,-0.050265,0.05298,-0.141,1.710038,71.004438,True
KVAL003,148,5.201833,RWrist,0.150816,-0.02574,-0.03297,-0.1449,3.955943,79.341192,True
KVAL003,149,5.235177,RWrist,0.10602,0.018675,-0.04794,0.0927,3.942898,166.708233,True
KVAL003,150,5.268511,RWrist,0.112773,0.011685,0.03945,0.105,7.240673,151.578926,True
KVAL003,151,5.301844,RWrist,0.378102,-0.00624,0.203745,-0.31845,6.693373,185.729121,True
KVAL003,152,5.335188,RWrist,0.370453,-0.041025,0.204285,-0.3063,5.151789,154.903132,True
KVAL003,153,5.368511,RWrist,0.039413,-0.01722,0.024315,-0.0258,4.563311,112.400292,True
KVAL003,154,5.401855,RWrist,0.231677,-0.149715,-0.045495,-0.17085,3.511281,84.983655,True
KVAL003,155,5.435177,RWrist,0.258662,-0.15309,-0.043755,-0.20385,3.310507,105.91802,True
KVAL003,156,5.468522,RWrist,0.157191,0.055455,-0.098535,-0.1092,3.919884,66.141132,True
KVAL003,157,5.501833,RWrist,0.140138,0.06585,-0.10005,-0.07275,2.204396,73.703862,True
KVAL003,158,5.535166,RWrist,0.019448,0.013875,0.004395,-0.0129,2.006887,78.911161,True
KVAL003,159,5.5685,RWrist,0.013895,0.00741,0.003405,-0.01125,3.769767,71.358859,True
KVAL003,160,5.601844,RWrist,0.256968,-0.097875,-0.01686,-0.237,3.761044,114.05678,True
KVAL003,161,5.635177,RWrist,0.257802,-0.097845,-0.017085,-0.2379,3.838805,112.065761,True
KVAL003,162,5.668511,RWrist,0.001214,0.000165,-7.5e-05,-0.0012,3.710284,59.800431,True
KVAL003,163,5.701844,RWrist,0.013361,0.00348,-1.5e-05,-0.0129,0.187113,56.070244,True
KVAL003,164,5.735177,RWrist,0.013674,0.00357,3e-05,-0.0132,0.034542,2.500793,True
KVAL003,165,5.7685,RWrist,0.015426,0.00348,0.00093,-0.015,0.025906,3.917193,True
KVAL003,166,5.801844,RWrist,0.015114,0.003405,0.00087,-0.0147,0.229252,2.461007,True
KVAL003,167,5.835177,RWrist,0.000157,0.0,-4.5e-05,-0.00015,0.140861,5.495045,True
KVAL003,168,5.868511,RWrist,0.007476,-0.000255,-0.002865,-0.0069,0.145864,2.118159,True
KVAL003,169,5.901833,RWrist,0.009881,-0.000345,-0.002865,-0.00945,0.052544,3.740342,True
KVAL003,170,5.935177,RWrist,0.005198,-0.001005,4.5e-05,-0.0051,0.107054,20.835451,True
KVAL003,171,5.9685,RWrist,0.003947,-0.002475,-0.000675,-0.003,1.391433,29.288596,True
KVAL003,172,6.001833,RWrist,0.096771,-0.06828,0.02601,-0.06345,1.933999,31.458405,True
KVAL003,173,6.035166,RWrist,0.132438,-0.11217,0.020535,-0.06735,0.928687,75.961097,True
KVAL003,174,6.068511,RWrist,0.074366,-0.073935,-0.00084,-0.00795,3.402404,60.805335,True
KVAL003,175,6.101844,RWrist,0.146222,-0.022875,0.03192,0.14085,4.78388,23.812409,True
KVAL003,176,6.135188,RWrist,0.30101,0.00522,0.014805,0.3006,2.485452,108.38478,True
KVAL003,177,6.168511,RWrist,0.306316,0.00243,0.10221,0.28875,2.831846,60.133132,True
KVAL003,178,6.201855,RWrist,0.191588,-0.014265,0.1224,0.1467,1.710196,71.024219,True
KVAL003,179,6.235166,RWrist,0.212302,0.00381,0.11874,0.17595,2.139302,70.111503,True
KVAL003,180,6.2685,RWrist,0.263968,0.079755,0.0717,0.2412,3.569677,46.182957,True
KVAL003,181,6.301833,RWrist,0.320235,0.156675,-0.032865,0.27735,2.776171,93.233002,True
KVAL003,182,6.335166,RWrist,0.378682,-0.02658,0.006015,0.3777,3.883246,79.05747,True
KVAL003,183,6.368511,RWrist,0.403757,-0.07326,-0.02679,0.39615,2.729089,147.06226,True
KVAL003,184,6.401844,RWrist,0.223787,0.05055,-0.027195,0.2163,7.39107,87.322232,True
KVAL003,185,6.435166,RWrist,0.238578,-0.05604,-0.22542,-0.05445,7.039324,127.676871,True
KVAL003,186,6.468511,RWrist,0.299089,-0.162525,-0.183285,-0.1716,4.071342,157.285499,True
KVAL003,187,6.501844,RWrist,0.186984,-0.09618,0.021885,-0.15885,3.804121,61.908613,True
KVAL003,188,6.535188,RWrist,0.066286,-0.04434,0.00468,-0.04905,2.073315,50.478153,True
KVAL003,189,6.568511,RWrist,0.130741,-0.0183,0.102975,-0.07845,1.179661,95.617111,True
KVAL003,190,6.601844,RWrist,0.101768,-0.085275,0.05532,-0.00495,5.640308,25.528254,True
KVAL003,191,6.635166,RWrist,0.326316,-0.28107,-0.01041,0.16545,1.967156,156.050485,True
KVAL003,192,6.668511,RWrist,0.186682,-0.161565,0.01239,0.0927,4.90947,46.725714,True
KVAL003,193,6.701833,RWrist,0.007183,-0.002835,-1.5e-05,-0.0066,1.251732,112.494314,True
KVAL003,194,6.735177,RWrist,0.105573,-0.086145,0.01974,0.05775,2.987963,45.503428,True
KVAL003,195,6.7685,RWrist,0.194171,-0.07335,-0.028875,0.17745,2.570188,67.674504,True
KVAL003,196,6.801844,RWrist,0.229631,-0.04227,0.039915,0.22215,2.20432,37.305126,True
KVAL003,197,6.835166,RWrist,0.17307,0.016485,0.08421,0.1503,2.604937,39.210897,True
KVAL003,198,6.868511,RWrist,0.305379,0.122415,0.06117,0.273,0.970055,103.109703,True
KVAL003,199,6.901833,RWrist,0.228725,0.01941,0.076995,0.2145,4.679175,46.025012,True
KVAL003,200,6.935166,RWrist,0.046017,-0.04161,0.0159,0.01155,2.56949,88.917008,True
KVAL003,201,6.968511,RWrist,0.218213,-0.14055,0.06132,0.15525,2.304354,101.739338,True
KVAL003,202,7.001844,RWrist,0.172231,-0.09156,-0.07377,0.12585,4.701581,78.12202,True
KVAL003,203,7.035166,RWrist,0.184373,0.13428,-0.078495,0.099,3.393905,104.764745,True
KVAL003,204,7.0685,RWrist,0.151974,0.09534,0.05223,0.1062,2.764879,77.584006,True
KVAL003,205,7.101844,RWrist,7.6e-05,7.5e-05,1.5e-05,0.0,2.279329,44.15935,True
KVAL003,206,7.135177,RWrist,3e-05,3e-05,0.0,0.0,0.258995,37.411106,True
KVAL003,207,7.1685,RWrist,0.017328,0.015465,-0.00639,-0.0045,0.345973,16.516274,True
KVAL003,208,7.201833,RWrist,0.023094,0.022575,-0.004755,0.00105,1.261067,16.865995,True
KVAL003,209,7.235177,RWrist,0.096707,0.058365,-0.0069,-0.0768,1.18868,42.412968,True
KVAL003,210,7.268511,RWrist,0.089486,0.051045,-0.01146,-0.0726,1.568042,37.668693,True
KVAL003,211,7.301844,RWrist,0.010159,-0.00012,-0.00285,0.00975,1.341561,25.367589,True
KVAL003,212,7.335188,RWrist,0.000138,0.000105,9e-05,0.0,0.152447,20.112592,True
KVAL003,213,7.368511,RWrist,2.1e-05,1.5e-05,1.5e-05,0.0,0.002074,2.287702,True
KVAL003,214,7.401844,RWrist,0.0,0.0,0.0,0.0,0.000318,0.031116,True
KVAL003,215,7.435188,RWrist,0.0,0.0,0.0,0.0,0.0,0.004773,True
KVAL003,216,7.468522,RWrist,0.0,0.0,0.0,0.0,0.0,0.0,True
KVAL003,217,7.501855,RWrist,0.0,0.0,0.0,0.0,0.0,0.0,True
KVAL003,218,7.5352,RWrist,0.0,0.0,0.0,0.0,0.0,0.0,True
KVAL003,219,7.568533,RWrist,0.0,0.0,0.0,0.0,0.0,0.0,True
KVAL003,220,7.601833,RWrist,0.0,0.0,0.0,0.0,0.0,0.0,True
KVAL003,221,7.635166,RWrist,0.0,0.0,0.0,0.0,0.0,0.0,True
KVAL003,222,7.668511,RWrist,0.0,0.0,0.0,0.0,0.0,0.0,True
KVAL003,223,7.701844,RWrist,0.0,0.0,0.0,0.0,0.0,4.106048,True
KVAL003,224,7.735188,RWrist,0.0,0.0,0.0,0.0,0.273737,4.124461,True
KVAL003,225,7.768522,RWrist,0.018249,0.01701,-0.00036,0.0066,0.274964,7.206233,True
KVAL003,226,7.801855,RWrist,0.018331,0.01704,-0.000315,0.00675,0.228382,7.237963,True
KVAL003,227,7.8352,RWrist,0.010194,0.004215,0.007755,0.0051,0.228651,4.240517,True
KVAL003,228,7.868533,RWrist,0.010097,0.004215,0.007725,0.00495,0.142718,4.325456,True
KVAL003,229,7.901833,RWrist,0.001296,0.001275,0.00018,0.00015,0.133562,2.44842,True
KVAL003,230,7.935166,RWrist,0.00253,0.00249,0.00033,0.0003,0.037001,4.521986,True
KVAL003,0,0.0,LShoulder,0.03944,-0.02337,0.01128,0.0297,1.196679,11.872237,True
KVAL003,1,0.301866,LShoulder,0.024088,0.014475,0.00792,0.01755,0.857064,19.301364,True
KVAL003,2,0.3352,LShoulder,0.026412,0.026175,0.00228,0.0027,0.369165,16.948574,True
KVAL003,3,0.3685,LShoulder,0.012105,0.00573,-0.01014,0.0033,0.359133,16.741973,True
KVAL003,4,0.401844,LShoulder,0.012098,0.005715,-0.01014,0.0033,0.800652,15.272867,True
KVAL003,5,0.435166,LShoulder,0.044134,0.003135,0.0426,0.0111,0.799584,21.88918,True
KVAL003,6,0.4685,LShoulder,0.044027,0.00309,0.04257,0.0108,0.663636,21.830085,True
KVAL003,7,0.501844,LShoulder,0.000305,-4.5e-05,-3e-05,-0.0003,0.660408,8.637076,True
KVAL003,8,0.535177,LShoulder,0.0,0.0,0.0,0.0,0.537316,8.546398,True
KVAL003,9,0.568522,LShoulder,0.035717,0.022095,-0.025575,0.01155,0.538691,16.051808,True
KVAL003,10,0.601855,LShoulder,0.035913,0.02235,-0.02556,0.0117,0.532826,16.15864,True
KVAL003,11,0.635188,LShoulder,0.000296,0.000255,1.5e-05,0.00015,0.538551,7.953,True
KVAL003,12,0.668533,LShoulder,1.5e-05,1.5e-05,0.0,0.0,0.004062,8.07827,True
KVAL003,13,0.701866,LShoulder,3e-05,3e-05,0.0,0.0,0.0,0.163957,True
KVAL003,14,0.735166,LShoulder,1.5e-05,1.5e-05,0.0,0.0,0.010443,1.059083,True
KVAL003,15,0.7685,LShoulder,0.000712,0.000375,-7.5e-05,-0.0006,0.070606,0.669791,True
KVAL003,16,0.801833,LShoulder,0.004718,0.003405,-0.00129,-0.003,0.053671,2.079693,True
KVAL003,17,0.835166,LShoulder,0.004231,0.00315,-0.001215,-0.00255,0.068044,0.878129,True
KVAL003,18,0.8685,LShoulder,0.000192,0.00012,0.0,-0.00015,0.016665,1.975552,True
KVAL003,19,0.901833,LShoulder,0.004288,0.002685,-0.00054,-0.0033,0.064478,0.997745,True
KVAL003,20,0.935166,LShoulder,0.004489,0.002805,-0.000615,-0.00345,0.061331,1.977128,True
KVAL003,21,0.9685,LShoulder,0.000206,0.00012,-7.5e-05,-0.00015,0.067331,0.875193,True
KVAL003,22,1.001833,LShoulder,0.0,0.0,0.0,0.0,0.003093,1.009966,True
KVAL003,23,1.035177,LShoulder,0.0,0.0,0.0,0.0,0.0,1.73643,True
KVAL003,24,1.0685,LShoulder,0.0,0.0,0.0,0.0,0.118156,1.637727,True
KVAL003,25,1.101844,LShoulder,0.007877,-0.0012,0.006555,0.0042,0.109182,5.3193,True
KVAL003,26,1.135166,LShoulder,0.007279,-0.000735,0.006195,0.00375,0.244388,4.893267,True
KVAL003,27,1.168511,LShoulder,0.009802,-0.00114,-0.00234,-0.00945,0.225403,18.139026,True
KVAL003,28,1.201833,LShoulder,0.009198,-0.001575,-0.00195,-0.00885,1.000447,17.267432,True
KVAL003,29,1.235177,LShoulder,0.058411,0.03624,0.02277,0.03975,0.977119,52.780371,True
KVAL003,30,1.2685,LShoulder,0.058133,0.045345,0.01683,0.03225,2.752873,40.902527,True
KVAL003,31,1.301833,LShoulder,0.152679,0.004635,0.073395,-0.1338,2.222969,82.21202,True
KVAL003,32,1.335177,LShoulder,0.143946,0.080325,0.05259,-0.10725,2.835483,68.405764,True
KVAL003,33,1.368511,LShoulder,0.073812,0.06336,-0.03702,0.00795,2.455137,49.489048,True
KVAL003,34,1.401844,LShoulder,0.023725,-0.010875,-0.01953,0.00795,0.919662,46.679372,True
KVAL003,35,1.435177,LShoulder,0.024375,0.00987,-0.00963,0.0201,2.112766,40.094626,True
KVAL003,36,1.4685,LShoulder,0.145849,0.099225,-0.07557,0.0756,1.912458,79.770013,True
KVAL003,37,1.501844,LShoulder,0.148139,0.11895,-0.03747,0.07995,3.257422,91.541039,True
KVAL003,38,1.535177,LShoulder,0.074723,-0.030855,0.05766,-0.03615,4.197147,43.138855,True
KVAL003,39,1.568511,LShoulder,0.137067,-0.131085,-0.000375,-0.04005,1.739224,82.331167,True
KVAL003,40,1.601844,LShoulder,0.15357,-0.144975,0.03723,-0.03435,1.737104,60.604733,True
KVAL003,41,1.635177,LShoulder,0.086352,-0.03741,0.067695,-0.0384,2.40259,35.105959,True
KVAL003,42,1.6685,LShoulder,0.0159,0.00891,-0.00177,-0.01305,1.015014,48.204266,True
KVAL003,43,1.701833,LShoulder,0.030313,-0.02718,0.0063,-0.01185,1.029971,33.907909,True
KVAL003,44,1.735177,LShoulder,0.068634,-0.024405,0.054645,-0.0336,1.428143,21.566525,True
KVAL003,45,1.768511,LShoulder,0.121635,-0.075195,0.039645,-0.087,1.045345,41.611406,True
KVAL003,46,1.801833,LShoulder,0.099854,-0.074895,0.01725,-0.06375,1.366236,42.511532,True
KVAL003,47,1.835177,LShoulder,0.042127,-0.03153,-0.011415,-0.0255,2.003105,20.09709,True
KVAL003,48,1.868511,LShoulder,0.034086,0.02205,-0.010335,0.02385,0.87515,50.814223,True
KVAL003,49,1.901844,LShoulder,0.022389,0.00681,0.02088,0.00435,1.408499,24.230662,True
KVAL003,50,1.935166,LShoulder,0.062296,-0.039285,-0.010245,-0.04725,0.826955,29.970896,True
KVAL003,51,1.968511,LShoulder,0.049743,-0.04686,0.015195,-0.0069,1.24381,21.566872,True
KVAL003,52,2.001833,LShoulder,0.087998,-0.050625,0.06822,-0.02295,0.938345,37.50176,True
KVAL003,53,2.035177,LShoulder,0.068798,-0.01659,0.030195,-0.05955,1.312006,32.618769,True
KVAL003,54,2.0685,LShoulder,0.033765,-0.00708,-0.007065,-0.03225,1.614719,16.977795,True
KVAL003,55,2.101844,LShoulder,0.050784,0.04302,-0.02439,0.01155,0.962469,45.024224,True
KVAL003,56,2.135177,LShoulder,0.050045,0.04518,-0.02142,0.0021,1.438243,19.162583,True
KVAL003,57,2.168511,LShoulder,0.046525,-0.030855,0.02565,-0.02355,0.57717,45.31843,True
KVAL003,58,2.201855,LShoulder,0.032328,0.01704,-0.00984,0.02565,1.618074,13.131362,True
KVAL003,59,2.235188,LShoulder,0.062103,0.034425,-0.02838,0.0432,0.852013,36.949189,True
KVAL003,60,2.268522,LShoulder,0.027873,-0.023415,0.013605,-0.0066,0.863717,24.832391,True
KVAL003,61,2.301866,LShoulder,0.015627,0.01155,0.00885,0.0057,0.81662,15.07357,True
KVAL003,62,2.3352,LShoulder,0.028023,0.015015,-0.01854,0.0147,0.634233,23.832002,True
KVAL003,63,2.368511,LShoulder,0.029825,-0.00225,-0.01962,-0.02235,0.818033,19.915596,True
KVAL003,64,2.401844,LShoulder,0.029601,-0.0105,0.00537,-0.02715,0.709851,24.793987,True
KVAL003,65,2.435177,LShoulder,0.021879,0.012645,0.00042,0.01785,0.858202,16.339013,True
KVAL003,66,2.468511,LShoulder,0.029453,0.02226,-0.00183,0.0192,0.437382,26.780287,True
KVAL003,67,2.501844,LShoulder,0.008542,-0.00477,0.00492,-0.0051,0.957141,6.360485,True
KVAL003,68,2.535177,LShoulder,0.042468,0.00111,0.023205,-0.03555,0.531173,26.221918,True
KVAL003,69,2.5685,LShoulder,0.041781,0.001725,0.02283,-0.03495,0.924151,21.378021,True
KVAL003,70,2.601833,LShoulder,0.027922,-0.014115,-0.024075,0.0009,0.91744,20.028413,True
KVAL003,71,2.635166,LShoulder,0.027858,-0.014055,-0.02403,0.00105,0.434091,20.47957,True
KVAL003,72,2.6685,LShoulder,0.014411,0.003285,-0.00552,-0.0129,0.470565,9.650159,True
KVAL003,73,2.701833,LShoulder,0.028591,-0.01098,-0.007365,-0.02535,0.274744,16.288411,True
KVAL003,74,2.735177,LShoulder,0.017528,-0.014535,-0.00387,-0.009,0.853229,14.012275,True
KVAL003,75,2.768511,LShoulder,0.033247,0.03003,0.010275,0.0099,0.708043,25.45533,True
KVAL003,76,2.801844,LShoulder,0.030261,0.027255,0.0111,0.00705,0.868661,22.487195,True
KVAL003,77,2.835188,LShoulder,0.024743,-0.021105,-0.009405,-0.00885,0.791566,18.004916,True
KVAL003,78,2.868522,LShoulder,0.022735,-0.01926,-0.00771,-0.0093,0.337548,20.463584,True
KVAL003,79,2.901855,LShoulder,0.004401,-0.004005,0.00078,0.00165,0.64665,9.297497,True
KVAL003,80,2.9352,LShoulder,0.029235,0.022575,-0.01758,-0.006,0.686874,17.951654,True
KVAL003,81,2.968533,LShoulder,0.042071,0.035265,-0.022725,0.00315,0.628806,25.417846,True
KVAL003,82,3.001844,LShoulder,0.026628,-0.011745,-0.01572,0.018,1.029532,24.180497,True
KVAL003,83,3.035177,LShoulder,0.032879,-0.0318,-0.00822,0.0015,1.498265,23.546185,True
KVAL003,84,3.0685,LShoulder,0.086829,-0.05796,0.042465,-0.04875,2.023352,41.319271,True
KVAL003,85,3.101844,LShoulder,0.153148,-0.11109,0.025455,-0.1023,1.719213,64.06149,True
KVAL003,86,3.135166,LShoulder,0.121244,-0.09447,-0.06567,-0.03825,2.503044,27.639279,True
KVAL003,87,3.168511,LShoulder,0.13258,-0.096165,-0.089535,0.0177,1.0531,44.266907,True
KVAL003,88,3.201844,LShoulder,0.108556,-0.065775,-0.08313,0.0234,1.511492,26.887163,True
KVAL003,89,3.235177,LShoulder,0.066054,-0.00318,-0.05529,0.036,1.447685,21.975392,True
KVAL003,90,3.268511,LShoulder,0.017929,-0.00186,-0.011475,0.01365,0.726784,26.043221,True
KVAL003,91,3.301844,LShoulder,0.03896,-0.005445,-0.00693,0.03795,0.599102,13.44009,True
KVAL003,92,3.335166,LShoulder,0.055677,-0.01086,-0.01554,0.05235,0.361919,22.126435,True
KVAL003,93,3.3685,LShoulder,0.019367,-0.002085,-0.012435,0.0147,0.883712,4.564409,True
KVAL003,94,3.401833,LShoulder,0.003897,0.002055,0.00243,-0.00225,0.208818,21.276417,True
KVAL003,95,3.435177,LShoulder,0.013374,0.008505,-0.007395,0.0072,0.560947,7.470157,True
KVAL003,96,3.4685,LShoulder,0.034448,0.004995,-0.017745,0.0291,0.305245,15.78722,True
KVAL003,97,3.501833,LShoulder,0.024276,-0.00414,-0.00621,0.0231,0.492522,11.617834,True
KVAL003,98,3.535177,LShoulder,0.001714,-0.00015,-0.001215,0.0012,0.489493,10.267234,True
KVAL003,99,3.568511,LShoulder,0.013865,0.012105,0.006375,-0.00225,0.757216,6.197897,True
KVAL003,100,3.601833,LShoulder,0.049297,0.038655,0.024405,-0.01845,0.180678,27.549617,True
KVAL003,101,3.635177,LShoulder,0.017218,0.00891,0.00516,-0.0138,1.091164,12.512264,True
KVAL003,102,3.6685,LShoulder,0.026765,-0.023295,0.0027,0.0129,0.676812,21.227919,True
KVAL003,103,3.701844,LShoulder,0.030286,-0.004545,0.006405,0.02925,0.437405,16.194443,True
KVAL003,104,3.735166,LShoulder,0.017643,0.00387,-0.00759,0.01545,0.414709,9.204882,True
KVAL003,105,3.768511,LShoulder,0.010743,0.00891,-0.000135,0.006,0.574988,13.689515,True
KVAL003,106,3.801833,LShoulder,0.054528,0.012945,-0.005805,0.05265,0.590343,13.85006,True
KVAL003,107,3.835177,LShoulder,0.047919,0.01902,-0.006495,0.0435,0.508323,26.960999,True
KVAL003,108,3.8685,LShoulder,0.044451,0.00477,0.023385,0.0375,1.310618,11.135283,True
KVAL003,109,3.901833,LShoulder,0.060091,-0.010575,0.0588,-0.00645,0.983711,39.28086,True
KVAL003,110,3.935166,LShoulder,0.04983,0.005985,0.04257,-0.0252,1.311203,37.867452,True
KVAL003,111,3.968511,LShoulder,0.050731,0.026685,-0.002865,0.04305,1.610513,17.987086,True
KVAL003,112,4.001833,LShoulder,0.066694,0.029325,-0.026235,0.05385,0.232997,20.693621,True
KVAL003,113,4.035177,LShoulder,0.055612,0.018615,-0.013815,0.05055,0.36416,7.623447,True
KVAL003,114,4.0685,LShoulder,0.088677,0.049215,-0.03108,0.0669,0.441373,13.781643,True
KVAL003,115,4.101833,LShoulder,0.07091,0.04215,-0.031245,0.0477,1.085846,17.101904,True
KVAL003,116,4.135166,LShoulder,0.12796,0.11664,-0.009525,0.05175,1.360093,948.68721,True
KVAL003,117,4.1685,LShoulder,0.151746,0.12453,-0.020925,0.08415,62.256232,980.436095,True
KVAL003,118,4.201844,LShoulder,4.030323,-3.85863,-0.851235,-0.79365,64.037561,1835.990552,True
KVAL003,119,4.235177,LShoulder,4.137933,-3.97974,-0.8562,-0.74235,60.159709,1910.54236,True
KVAL003,120,4.268522,LShoulder,0.176502,-0.020535,-0.12891,0.1188,63.338818,154.673807,True
KVAL003,121,4.301855,LShoulder,0.151495,0.101955,-0.105855,0.03675,63.064661,118.92897,True
KVAL003,122,4.335188,LShoulder,4.165347,3.912405,1.214895,0.75315,60.910851,1895.797785,True
KVAL003,123,4.368533,LShoulder,4.134277,3.899865,1.090065,0.8337,63.328022,1862.810642,True
KVAL003,124,4.401866,LShoulder,0.203248,-0.007785,-0.192735,0.06405,63.292305,955.097138,True
KVAL003,125,4.435166,LShoulder,0.281114,-0.01203,-0.277965,0.0402,0.777387,980.174138,True
KVAL003,126,4.4685,LShoulder,0.24102,0.02883,-0.229035,0.0693,3.896005,32.544925,True
KVAL003,127,4.501833,LShoulder,0.056532,0.04887,-0.02784,0.0057,1.605773,124.096244,True
KVAL003,128,4.535177,LShoulder,0.168937,0.03099,-0.128295,0.10545,5.017639,20.461352,True
KVAL003,129,4.568511,LShoulder,0.362126,0.05967,-0.24495,0.25995,0.967635,163.496889,True
KVAL003,130,4.601844,LShoulder,0.196745,0.00486,-0.11154,0.162,5.976616,55.226577,True
KVAL003,131,4.635166,LShoulder,0.064338,-0.056415,0.001395,-0.0309,3.01253,105.178536,True
KVAL003,132,4.668511,LShoulder,0.065379,0.063105,0.010485,0.0135,2.502736,31.336479,True
KVAL003,133,4.701833,LShoulder,0.113205,0.082875,0.071835,0.02805,1.702508,49.606121,True
KVAL003,134,4.735166,LShoulder,0.117477,0.03003,0.10881,-0.03255,0.850701,45.751508,True
KVAL003,135,4.7685,LShoulder,0.074421,0.03939,0.06273,-0.0072,1.35355,17.804612,True
KVAL003,136,4.801844,LShoulder,0.066184,0.054105,0.035415,0.0141,0.588187,29.143171,True
KVAL003,137,4.835166,LShoulder,0.058733,0.050175,0.02898,0.0096,1.099658,19.42605,True
KVAL003,138,4.8685,LShoulder,0.038558,0.007395,0.01017,-0.03645,1.025286,19.6244,True
KVAL003,139,4.901833,LShoulder,0.037703,0.003375,0.009615,-0.0363,0.401727,11.729357,True
KVAL003,140,4.935177,LShoulder,0.013361,0.004155,-0.001575,-0.0126,0.659789,12.380065,True
KVAL003,141,4.9685,LShoulder,0.048307,-0.02931,-0.019635,-0.033,0.607165,28.52828,True
KVAL003,142,5.001833,LShoulder,0.046524,-0.02769,-0.0111,-0.0357,1.335564,24.028568,True
KVAL003,143,5.035166,LShoulder,0.090925,-0.008595,0.05946,-0.06825,1.56421,26.846692,True
KVAL003,144,5.068511,LShoulder,0.124014,-0.027495,0.074505,-0.09525,0.947383,34.178382,True
KVAL003,145,5.101844,LShoulder,0.119322,-0.07116,0.057435,-0.07665,0.881615,11.386916,True
KVAL003,146,5.135177,LShoulder,0.104365,-0.068145,0.044175,-0.06555,0.712561,15.995765,True
KVAL003,147,5.1685,LShoulder,0.137412,-0.09702,0.02196,-0.0948,1.033871,53.080756,True
KVAL003,148,5.201833,LShoulder,0.14254,-0.097875,-0.005085,-0.1035,3.01591,69.393774,True
KVAL003,149,5.235177,LShoulder,0.078494,0.022335,0.03531,0.06645,3.691488,124.073238,True
KVAL003,150,5.268511,LShoulder,0.115329,0.05136,0.06732,0.0783,5.672037,145.330272,True
KVAL003,151,5.301844,LShoulder,0.306742,0.023415,-0.053115,-0.3012,6.348324,140.330242,True
KVAL003,152,5.335188,LShoulder,0.328287,0.007275,-0.061725,-0.32235,3.686551,134.997481,True
KVAL003,153,5.368511,LShoulder,0.062279,0.010665,-0.001035,-0.06135,3.917786,108.359453,True
KVAL003,154,5.401855,LShoulder,0.256791,-0.185115,-0.096945,-0.14925,4.164944,87.519491,True
KVAL003,155,5.435177,LShoulder,0.314864,-0.147915,-0.14931,-0.23445,2.847447,128.226223,True
KVAL003,156,5.468522,LShoulder,0.117652,-0.00735,-0.081585,-0.08445,4.525537,39.632055,True
KVAL003,157,5.501833,LShoulder,0.061173,-0.05058,-0.025635,0.02295,1.732403,69.371421,True
KVAL003,158,5.535166,LShoulder,0.012495,0.00903,0.003375,-0.00795,1.068298,106.184363,True
KVAL003,159,5.5685,LShoulder,0.01203,0.005265,0.0036,-0.0102,5.372479,83.725538,True
KVAL003,160,5.601844,LShoulder,0.359734,-0.089415,-0.21558,-0.27375,5.35894,161.097369,True
KVAL003,161,5.635177,LShoulder,0.361416,-0.088635,-0.21642,-0.27555,5.368575,158.112257,True
KVAL003,162,5.668511,LShoulder,0.002409,0.0009,-0.000765,-0.0021,5.182811,83.904212,True
KVAL003,163,5.701844,LShoulder,0.02516,0.01056,-0.00291,-0.02265,0.344407,78.576889,True
KVAL003,164,5.735177,LShoulder,0.025312,0.01059,-0.002955,-0.0228,0.08688,3.984606,True
KVAL003,165,5.7685,LShoulder,0.030882,0.01221,-0.00306,-0.0282,0.079995,8.267701,True
KVAL003,166,5.801844,LShoulder,0.030589,0.012135,-0.003165,-0.0279,0.464962,5.391641,True
KVAL003,167,5.835177,LShoulder,0.00027,0.0,-0.000225,0.00015,0.28233,11.911044,True
KVAL003,168,5.868511,LShoulder,0.014121,0.004065,-0.007275,-0.0114,0.342117,4.641911,True
KVAL003,169,5.901833,LShoulder,0.022782,0.007215,-0.0102,-0.01905,0.058913,10.187875,True
KVAL003,170,5.935177,LShoulder,0.013318,0.00375,-0.003465,-0.0123,0.347431,23.909256,True
KVAL003,171,5.9685,LShoulder,0.008181,-0.00282,-0.0075,0.00165,1.591031,33.461003,True
KVAL003,172,6.001833,LShoulder,0.105557,-0.09999,-0.019125,-0.0279,2.218036,42.003753,True
KVAL003,173,6.035166,LShoulder,0.150243,-0.138615,-0.012,-0.0567,1.518381,90.827603,True
KVAL003,174,6.068511,LShoulder,0.098693,-0.03312,0.025515,-0.0894,4.114478,147.195689,True
KVAL003,175,6.101844,LShoulder,0.176408,0.004005,0.04071,0.1716,8.8039,116.98625,True
KVAL003,176,6.135188,LShoulder,0.497852,-0.02706,0.003975,0.4971,6.727789,333.184808,True
KVAL003,177,6.168511,LShoulder,0.407001,0.35064,0.19536,-0.06735,14.03436,248.654534,True
KVAL003,178,6.201855,LShoulder,0.532257,0.357945,0.217395,-0.3285,9.979728,452.517475,True
KVAL003,179,6.235166,LShoulder,0.415287,-0.13548,0.105945,0.378,16.186939,163.220926,True
KVAL003,180,6.2685,LShoulder,0.64745,-0.1257,0.09357,0.6282,3.21302,324.443728,True
KVAL003,181,6.301833,LShoulder,0.501472,0.02712,0.03726,0.49935,5.7842,109.177019,True
KVAL003,182,6.335166,LShoulder,0.325506,0.075975,-0.01023,0.31635,6.218863,44.273305,True
KVAL003,183,6.368511,LShoulder,0.263395,0.22464,-0.00591,0.1374,4.059153,144.133397,True
KVAL003,184,6.401844,LShoulder,0.19913,0.180435,0.042975,0.07245,6.361327,153.001114,True
KVAL003,185,6.435166,LShoulder,0.236235,-0.14826,-0.18042,0.0357,12.854545,296.900274,True
KVAL003,186,6.468511,LShoulder,0.760952,0.013485,-0.14286,-0.7473,17.907055,291.880244,True
KVAL003,187,6.501844,LShoulder,1.096664,0.21969,0.069255,-1.0722,6.79218,438.498239,True
KVAL003,188,6.535188,LShoulder,0.337319,0.00603,0.043095,-0.3345,11.913851,84.687606,True
KVAL003,189,6.568511,LShoulder,0.411573,-0.053655,0.222135,-0.3423,2.388198,157.659506,True
KVAL003,190,6.601844,LShoulder,0.344863,-0.06774,0.17646,-0.28845,7.180831,100.924288,True
KVAL003,191,6.635166,LShoulder,0.245084,-0.188655,-0.142935,-0.0636,5.357744,144.341227,True
KVAL003,192,6.668511,LShoulder,0.183433,-0.12477,-0.108,-0.0801,3.619373,129.412203,True
KVAL003,193,6.701833,LShoulder,0.008726,-0.002775,0.000615,-0.00825,7.196151,217.569556,True
KVAL003,194,6.735177,LShoulder,0.377386,-0.11796,0.142815,0.3288,14.320049,95.675697,True
KVAL003,195,6.7685,LShoulder,0.947856,-0.29085,0.147735,0.88995,5.155077,421.340832,True
KVAL003,196,6.801844,LShoulder,0.658842,-0.20457,-0.005955,0.62625,13.947989,213.585428,True
KVAL003,197,6.835166,LShoulder,0.207169,0.0954,-0.154395,0.0999,10.672656,225.383321,True
KVAL003,198,6.868511,LShoulder,0.402965,0.23619,-0.291825,0.1464,1.155512,226.302229,True
KVAL003,199,6.901833,LShoulder,0.245028,0.08112,-0.150525,0.1755,6.153875,88.026747,True
KVAL003,200,6.935166,LShoulder,0.079343,-0.036645,0.004935,0.0702,5.107115,106.381611,True
KVAL003,201,6.968511,LShoulder,0.130155,-0.10665,-0.013635,-0.07335,2.48949,149.889079,True
KVAL003,202,7.001844,LShoulder,0.134645,-0.0696,-0.103215,-0.0513,5.120622,92.745535,True
KVAL003,203,7.035166,LShoulder,0.220777,0.181305,-0.07941,0.0978,4.117325,125.994001,True
KVAL003,204,7.0685,LShoulder,0.16781,0.15273,0.00324,0.06945,3.311071,97.778809,True
KVAL003,205,7.101844,LShoulder,6.7e-05,6e-05,3e-05,0.0,2.516739,52.115537,True
KVAL003,206,7.135177,LShoulder,3.4e-05,3e-05,1.5e-05,0.0,0.243434,42.84642,True
KVAL003,207,7.1685,LShoulder,0.016295,0.015465,0.0051,-0.0006,0.363632,10.307847,True
KVAL003,208,7.201833,LShoulder,0.024275,0.02175,0.008955,0.006,0.853795,13.722993,True
KVAL003,209,7.235177,LShoulder,0.07011,0.055035,0.01881,-0.03915,0.940157,27.484449,True
KVAL003,210,7.268511,LShoulder,0.07291,0.05157,0.01758,-0.04845,0.984163,30.111604,True
KVAL003,211,7.301844,LShoulder,0.004826,0.002895,0.00276,-0.0027,1.093818,13.746249,True
KVAL003,212,7.335188,LShoulder,0.000225,7.5e-05,0.00015,0.00015,0.073411,16.409855,True
KVAL003,213,7.368511,LShoulder,0.000151,1.5e-05,1.5e-05,0.00015,0.003375,1.117349,True
KVAL003,214,7.401844,LShoulder,0.0,0.0,0.0,0.0,0.002272,0.050625,True
KVAL003,215,7.435188,LShoulder,0.0,0.0,0.0,0.0,0.0,0.034086,True
KVAL003,216,7.468522,LShoulder,0.0,0.0,0.0,0.0,0.0,0.0,True
KVAL003,217,7.501855,LShoulder,0.0,0.0,0.0,0.0,0.0,0.0,True
KVAL003,218,7.5352,LShoulder,0.0,0.0,0.0,0.0,0.0,0.0,True
KVAL003,219,7.568533,LShoulder,0.0,0.0,0.0,0.0,0.0,0.0,True
KVAL003,220,7.601833,LShoulder,0.0,0.0,0.0,0.0,0.0,0.0,True
KVAL003,221,7.635166,LShoulder,0.0,0.0,0.0,0.0,0.0,0.0,True
KVAL003,222,7.668511,LShoulder,0.0,0.0,0.0,0.0,0.0,0.0,True
KVAL003,223,7.701844,LShoulder,0.0,0.0,0.0,0.0,0.0,6.783364,True
KVAL003,224,7.735188,LShoulder,0.0,0.0,0.0,0.0,0.452224,6.793272,True
KVAL003,225,7.768522,LShoulder,0.030148,0.01479,0.02457,0.0093,0.452885,11.114898,True
KVAL003,226,7.801855,LShoulder,0.030192,0.014805,0.024615,0.0093,0.298397,11.125061,True
KVAL003,227,7.8352,LShoulder,0.013,0.002835,0.01263,-0.0012,0.29803,3.726893,True
KVAL003,228,7.868533,LShoulder,0.012958,0.002835,0.0126,-0.00105,0.182844,4.015317,True
KVAL003,229,7.901833,LShoulder,0.001922,0.00108,0.00084,0.00135,0.172534,3.141081,True
KVAL003,230,7.935166,LShoulder,0.003608,0.00213,0.00165,0.0024,0.050744,5.827377,True
